,Network,Date,Time,Program,Length,Rating,Minute_In_Commercial,Total_Loss_perc
0,DKN,9/21/15,10:00 PM,BLINDSPOT,60,3.73553379,0,15.63776683
1,DKN,9/21/15,10:01 PM,BLINDSPOT,60,3.528162266,0,5.965321415
2,DKN,9/21/15,10:02 PM,BLINDSPOT,60,3.540439969,0,6.50168067
3,DKN,9/21/15,10:03 PM,BLINDSPOT,60,3.478096736,0,5.259257483
4,DKN,9/21/15,10:04 PM,BLINDSPOT,60,3.385775501,0,3.366674647
5,DKN,9/21/15,10:05 PM,BLINDSPOT,60,3.337245577,0,2.329912305
6,DKN,9/21/15,10:06 PM,BLINDSPOT,60,3.294817922,0,4.205195869
7,DKN,9/21/15,10:07 PM,BLINDSPOT,60,3.254371708,0,2.739661696
8,DKN,9/21/15,10:08 PM,BLINDSPOT,60,3.234387576,0,2.966710803
9,DKN,9/21/15,10:09 PM,BLINDSPOT,60,3.231331529,0,1.26463249
10,DKN,9/21/15,10:10 PM,BLINDSPOT,60,3.263323701,0,2.016652436
11,DKN,9/21/15,10:11 PM,BLINDSPOT,60,3.284627798,0,1.964747975
12,DKN,9/21/15,10:12 PM,BLINDSPOT,60,3.295407081,0,1.519677791
13,DKN,9/21/15,10:13 PM,BLINDSPOT,60,3.29321881,0,2.261398466
14,DKN,9/21/15,10:14 PM,BLINDSPOT,60,3.238938548,1,10.67241549
15,DKN,9/21/15,10:15 PM,BLINDSPOT,60,2.972904619,1,6.607848264
16,DKN,9/21/15,10:16 PM,BLINDSPOT,60,2.838826016,1,3.317091136
17,DKN,9/21/15,10:17 PM,BLINDSPOT,60,2.858893416,1,2.608639943
18,DKN,9/21/15,10:18 PM,BLINDSPOT,60,2.919865103,1,3.451785004
19,DKN,9/21/15,10:19 PM,BLINDSPOT,60,2.974971074,1,2.111959023
20,DKN,9/21/15,10:20 PM,BLINDSPOT,60,3.072735463,0,1.192814513
21,DKN,9/21/15,10:21 PM,BLINDSPOT,60,3.146392659,0,1.488859523
22,DKN,9/21/15,10:22 PM,BLINDSPOT,60,3.16199861,0,2.608110507
23,DKN,9/21/15,10:23 PM,BLINDSPOT,60,3.137856814,0,2.530641809
24,DKN,9/21/15,10:24 PM,BLINDSPOT,60,3.103615129,0,0.863014874
25,DKN,9/21/15,10:25 PM,BLINDSPOT,60,3.124816455,0,1.121132242
26,DKN,9/21/15,10:26 PM,BLINDSPOT,60,3.120235818,0,0.552431573
27,DKN,9/21/15,10:27 PM,BLINDSPOT,60,3.120341191,0,1.050681855
28,DKN,9/21/15,10:28 PM,BLINDSPOT,60,3.121540028,0,1.487179653
29,DKN,9/21/15,10:29 PM,BLINDSPOT,60,3.1042375,1,8.508861098
30,DKN,9/21/15,10:30 PM,BLINDSPOT,60,2.879516382,1,6.200788686
31,DKN,9/21/15,10:31 PM,BLINDSPOT,60,2.760004773,0,4.454291688
32,DKN,9/21/15,10:32 PM,BLINDSPOT,60,2.733818579,0,4.116318212
33,DKN,9/21/15,10:33 PM,BLINDSPOT,60,2.765499541,1,1.549858072
34,DKN,9/21/15,10:34 PM,BLINDSPOT,60,2.970491428,0,0.943562625
35,DKN,9/21/15,10:35 PM,BLINDSPOT,60,3.014035921,0,1.775881835
36,DKN,9/21/15,10:36 PM,BLINDSPOT,60,3.016806929,0,1.627130957
37,DKN,9/21/15,10:37 PM,BLINDSPOT,60,3.001834198,0,0.973025579
38,DKN,9/21/15,10:38 PM,BLINDSPOT,60,3.031501296,0,1.408205272
39,DKN,9/21/15,10:39 PM,BLINDSPOT,60,3.029744284,0,1.347289768
40,DKN,9/21/15,10:40 PM,BLINDSPOT,60,3.031541658,1,9.243368312
41,DKN,9/21/15,10:41 PM,BLINDSPOT,60,2.77701834,1,6.563545484
42,DKN,9/21/15,10:42 PM,BLINDSPOT,60,2.660126217,1,1.489576433
43,DKN,9/21/15,10:43 PM,BLINDSPOT,60,2.731681567,1,2.61189591
44,DKN,9/21/15,10:44 PM,BLINDSPOT,60,2.793593652,1,1.202704666
45,DKN,9/21/15,10:45 PM,BLINDSPOT,60,2.950765191,0,1.804379599
46,DKN,9/21/15,10:46 PM,BLINDSPOT,60,2.948009497,0,1.750430277
47,DKN,9/21/15,10:47 PM,BLINDSPOT,60,2.940758241,0,1.091253457
48,DKN,9/21/15,10:48 PM,BLINDSPOT,60,2.94925072,0,0.851324456
49,DKN,9/21/15,10:49 PM,BLINDSPOT,60,2.989732994,1,10.58296957
50,DKN,9/21/15,10:50 PM,BLINDSPOT,60,2.702826876,1,3.681227852
51,DKN,9/21/15,10:51 PM,BLINDSPOT,60,2.688092079,1,2.014284522
52,DKN,9/21/15,10:52 PM,BLINDSPOT,60,2.773569577,1,1.832287388
53,DKN,9/21/15,10:53 PM,BLINDSPOT,60,2.909386577,1,2.402755903
54,DKN,9/21/15,10:54 PM,BLINDSPOT,60,2.982426438,0,2.624406569
55,DKN,9/21/15,10:55 PM,BLINDSPOT,60,2.954533127,0,1.567662734
56,DKN,9/21/15,10:56 PM,BLINDSPOT,60,2.938525541,0,0.908167362
57,DKN,9/21/15,10:57 PM,BLINDSPOT,60,2.981769514,0,0.864910274
58,DKN,9/21/15,10:58 PM,BLINDSPOT,60,3.019603161,0,2.389351057
59,DKN,9/21/15,10:59 PM,BLINDSPOT,60,3.067311327,0,0
60,DKN,9/28/15,10:00 PM,BLINDSPOT,60,3.52960988,0,21.63678586
61,DKN,9/28/15,10:01 PM,BLINDSPOT,60,3.04689384,0,8.225687873
62,DKN,9/28/15,10:02 PM,BLINDSPOT,60,2.984924438,0,7.100924554
63,DKN,9/28/15,10:03 PM,BLINDSPOT,60,2.901603134,0,5.157058154
64,DKN,9/28/15,10:04 PM,BLINDSPOT,60,2.812868958,0,3.256827041
65,DKN,9/28/15,10:05 PM,BLINDSPOT,60,2.809681041,0,1.962168142
66,DKN,9/28/15,10:06 PM,BLINDSPOT,60,2.808656518,0,2.002290399
67,DKN,9/28/15,10:07 PM,BLINDSPOT,60,2.80388985,0,1.861083769
68,DKN,9/28/15,10:08 PM,BLINDSPOT,60,2.824091948,0,2.103085776
69,DKN,9/28/15,10:09 PM,BLINDSPOT,60,2.814791708,0,4.580171725
70,DKN,9/28/15,10:10 PM,BLINDSPOT,60,2.74817575,0,2.980449972
71,DKN,9/28/15,10:11 PM,BLINDSPOT,60,2.702450737,0,2.420595212
72,DKN,9/28/15,10:12 PM,BLINDSPOT,60,2.67790865,0,2.446231542
73,DKN,9/28/15,10:13 PM,BLINDSPOT,60,2.655464018,0,2.30083486
74,DKN,9/28/15,10:14 PM,BLINDSPOT,60,2.646179618,0,1.486860167
75,DKN,9/28/15,10:15 PM,BLINDSPOT,60,2.661260232,0,3.159553803
76,DKN,9/28/15,10:16 PM,BLINDSPOT,60,2.608915542,0,1.467952127
77,DKN,9/28/15,10:17 PM,BLINDSPOT,60,2.587622482,0,2.198578201
78,DKN,9/28/15,10:18 PM,BLINDSPOT,60,2.556787355,0,2.823215121
79,DKN,9/28/15,10:19 PM,BLINDSPOT,60,2.518115682,0,2.273492012
80,DKN,9/28/15,10:20 PM,BLINDSPOT,60,2.48868572,1,8.740287039
81,DKN,9/28/15,10:21 PM,BLINDSPOT,60,2.325966176,1,4.350693681
82,DKN,9/28/15,10:22 PM,BLINDSPOT,60,2.285607867,1,2.718271273
83,DKN,9/28/15,10:23 PM,BLINDSPOT,60,2.29431053,1,1.745620032
84,DKN,9/28/15,10:24 PM,BLINDSPOT,60,2.325148835,0,1.596166349
85,DKN,9/28/15,10:25 PM,BLINDSPOT,60,2.411981878,0,1.318657724
86,DKN,9/28/15,10:26 PM,BLINDSPOT,60,2.450328298,0,1.539350467
87,DKN,9/28/15,10:27 PM,BLINDSPOT,60,2.437868154,0,1.397446785
88,DKN,9/28/15,10:28 PM,BLINDSPOT,60,2.463635711,0,5.065102994
89,DKN,9/28/15,10:29 PM,BLINDSPOT,60,2.348595896,1,8.389790064
90,DKN,9/28/15,10:30 PM,BLINDSPOT,60,2.18737453,1,2.113436464
91,DKN,9/28/15,10:31 PM,BLINDSPOT,60,2.222368182,0,2.692971703
92,DKN,9/28/15,10:32 PM,BLINDSPOT,60,2.237863404,0,2.573846067
93,DKN,9/28/15,10:33 PM,BLINDSPOT,60,2.290867181,1,1.234122297
94,DKN,9/28/15,10:34 PM,BLINDSPOT,60,2.357991286,0,1.31812831
95,DKN,9/28/15,10:35 PM,BLINDSPOT,60,2.386143999,0,1.606495318
96,DKN,9/28/15,10:36 PM,BLINDSPOT,60,2.385275457,0,1.101070442
97,DKN,9/28/15,10:37 PM,BLINDSPOT,60,2.394184753,0,2.480708549
98,DKN,9/28/15,10:38 PM,BLINDSPOT,60,2.359033683,0,1.757380999
99,DKN,9/28/15,10:39 PM,BLINDSPOT,60,2.352893943,1,8.515583384
100,DKN,9/28/15,10:40 PM,BLINDSPOT,60,2.167037135,1,2.873600683
101,DKN,9/28/15,10:41 PM,BLINDSPOT,60,2.154622296,1,2.917175656
102,DKN,9/28/15,10:42 PM,BLINDSPOT,60,2.191556643,1,2.337011742
103,DKN,9/28/15,10:43 PM,BLINDSPOT,60,2.263548101,1,1.300276623
104,DKN,9/28/15,10:44 PM,BLINDSPOT,60,2.308598842,0,2.878592725
105,DKN,9/28/15,10:45 PM,BLINDSPOT,60,2.301365591,0,0.854352055
106,DKN,9/28/15,10:46 PM,BLINDSPOT,60,2.358635548,0,1.723015741
107,DKN,9/28/15,10:47 PM,BLINDSPOT,60,2.369319107,0,0.954130223
108,DKN,9/28/15,10:48 PM,BLINDSPOT,60,2.359265088,1,9.982931243
109,DKN,9/28/15,10:49 PM,BLINDSPOT,60,2.142063896,1,2.271299583
110,DKN,9/28/15,10:50 PM,BLINDSPOT,60,2.155727534,1,3.32710524
111,DKN,9/28/15,10:51 PM,BLINDSPOT,60,2.160414344,1,2.729573802
112,DKN,9/28/15,10:52 PM,BLINDSPOT,60,2.187786659,1,1.438016715
113,DKN,9/28/15,10:53 PM,BLINDSPOT,60,2.261428023,1,2.340452349
114,DKN,9/28/15,10:54 PM,BLINDSPOT,60,2.265129122,0,1.668678606
115,DKN,9/28/15,10:55 PM,BLINDSPOT,60,2.281066216,0,1.110885086
116,DKN,9/28/15,10:56 PM,BLINDSPOT,60,2.299671747,0,1.010378971
117,DKN,9/28/15,10:57 PM,BLINDSPOT,60,2.32206791,1,8.424706463
118,DKN,9/28/15,10:58 PM,BLINDSPOT,60,2.156672334,1,2.628256683
119,DKN,9/28/15,10:59 PM,BLINDSPOT,60,2.25004817,1,0
120,DKN,10/5/15,10:00 PM,BLINDSPOT,60,3.122943556,1,15.26684263
121,DKN,10/5/15,10:01 PM,BLINDSPOT,60,2.899957165,0,7.004691067
122,DKN,10/5/15,10:02 PM,BLINDSPOT,60,2.83514025,0,5.154113924
123,DKN,10/5/15,10:03 PM,BLINDSPOT,60,2.76961031,0,4.410500941
124,DKN,10/5/15,10:04 PM,BLINDSPOT,60,2.708684812,0,2.734908457
125,DKN,10/5/15,10:05 PM,BLINDSPOT,60,2.678518355,0,2.321767641
126,DKN,10/5/15,10:06 PM,BLINDSPOT,60,2.637371724,0,3.10140532
127,DKN,10/5/15,10:07 PM,BLINDSPOT,60,2.623438407,0,2.89082579
128,DKN,10/5/15,10:08 PM,BLINDSPOT,60,2.606212278,0,2.634368496
129,DKN,10/5/15,10:09 PM,BLINDSPOT,60,2.592817785,0,3.607585669
130,DKN,10/5/15,10:10 PM,BLINDSPOT,60,2.550950498,0,2.628831428
131,DKN,10/5/15,10:11 PM,BLINDSPOT,60,2.581296119,0,2.586394838
132,DKN,10/5/15,10:12 PM,BLINDSPOT,60,2.555974103,0,1.913246259
133,DKN,10/5/15,10:13 PM,BLINDSPOT,60,2.571013062,0,2.168250841
134,DKN,10/5/15,10:14 PM,BLINDSPOT,60,2.555789638,0,1.793091713
135,DKN,10/5/15,10:15 PM,BLINDSPOT,60,2.547655338,0,1.936248973
136,DKN,10/5/15,10:16 PM,BLINDSPOT,60,2.543218163,0,2.176661232
137,DKN,10/5/15,10:17 PM,BLINDSPOT,60,2.497260287,1,9.283010809
138,DKN,10/5/15,10:18 PM,BLINDSPOT,60,2.282294505,1,3.777659183
139,DKN,10/5/15,10:19 PM,BLINDSPOT,60,2.251726089,1,2.397306549
140,DKN,10/5/15,10:20 PM,BLINDSPOT,60,2.246364775,1,2.070082184
141,DKN,10/5/15,10:21 PM,BLINDSPOT,60,2.332872855,0,1.262734783
142,DKN,10/5/15,10:22 PM,BLINDSPOT,60,2.416523481,0,1.476640063
143,DKN,10/5/15,10:23 PM,BLINDSPOT,60,2.439342523,0,2.182622573
144,DKN,10/5/15,10:24 PM,BLINDSPOT,60,2.443866131,0,1.91239876
145,DKN,10/5/15,10:25 PM,BLINDSPOT,60,2.449650087,0,1.721679903
146,DKN,10/5/15,10:26 PM,BLINDSPOT,60,2.4457063,0,0.898559972
147,DKN,10/5/15,10:27 PM,BLINDSPOT,60,2.457650385,0,2.72001824
148,DKN,10/5/15,10:28 PM,BLINDSPOT,60,2.401308279,0,0.882793809
149,DKN,10/5/15,10:29 PM,BLINDSPOT,60,2.405816591,1,8.614647445
150,DKN,10/5/15,10:30 PM,BLINDSPOT,60,2.221640352,1,3.814469691
151,DKN,10/5/15,10:31 PM,BLINDSPOT,60,2.167652201,1,2.590125017
152,DKN,10/5/15,10:32 PM,BLINDSPOT,60,2.179200454,0,2.572424087
153,DKN,10/5/15,10:33 PM,BLINDSPOT,60,2.211198838,0,2.628667325
154,DKN,10/5/15,10:34 PM,BLINDSPOT,60,2.30166778,0,1.962765059
155,DKN,10/5/15,10:35 PM,BLINDSPOT,60,2.33344802,0,1.422549851
156,DKN,10/5/15,10:36 PM,BLINDSPOT,60,2.317854028,0,1.665423882
157,DKN,10/5/15,10:37 PM,BLINDSPOT,60,2.346208054,0,1.668363321
158,DKN,10/5/15,10:38 PM,BLINDSPOT,60,2.346648241,1,10.43058236
159,DKN,10/5/15,10:39 PM,BLINDSPOT,60,2.116855318,1,2.243515369
160,DKN,10/5/15,10:40 PM,BLINDSPOT,60,2.138179312,1,2.656887709
161,DKN,10/5/15,10:41 PM,BLINDSPOT,60,2.158386014,1,2.068718365
162,DKN,10/5/15,10:42 PM,BLINDSPOT,60,2.205489595,1,1.877295176
163,DKN,10/5/15,10:43 PM,BLINDSPOT,60,2.283820474,0,1.18914044
164,DKN,10/5/15,10:44 PM,BLINDSPOT,60,2.307674861,0,0.718670537
165,DKN,10/5/15,10:45 PM,BLINDSPOT,60,2.357182272,0,1.749842225
166,DKN,10/5/15,10:46 PM,BLINDSPOT,60,2.325807736,0,1.820534449
167,DKN,10/5/15,10:47 PM,BLINDSPOT,60,2.317488099,0,3.51202424
168,DKN,10/5/15,10:48 PM,BLINDSPOT,60,2.254541257,1,6.961133412
169,DKN,10/5/15,10:49 PM,BLINDSPOT,60,2.107887242,1,2.044448214
170,DKN,10/5/15,10:50 PM,BLINDSPOT,60,2.118026818,1,1.480870063
171,DKN,10/5/15,10:51 PM,BLINDSPOT,60,2.196978589,1,2.770838131
172,DKN,10/5/15,10:52 PM,BLINDSPOT,60,2.205954276,1,1.846996286
173,DKN,10/5/15,10:53 PM,BLINDSPOT,60,2.223217662,0,1.281433345
174,DKN,10/5/15,10:54 PM,BLINDSPOT,60,2.239406583,0,0.688790629
175,DKN,10/5/15,10:55 PM,BLINDSPOT,60,2.256753174,0,0.991905146
176,DKN,10/5/15,10:56 PM,BLINDSPOT,60,2.257297411,0,1.177146757
177,DKN,10/5/15,10:57 PM,BLINDSPOT,60,2.280624931,1,9.135047392
178,DKN,10/5/15,10:58 PM,BLINDSPOT,60,2.121530819,1,2.242626086
179,DKN,10/5/15,10:59 PM,BLINDSPOT,60,2.22739592,1,0
180,DKN,10/12/15,10:00 PM,BLINDSPOT,60,3.173468084,1,19.4382383
181,DKN,10/12/15,10:01 PM,BLINDSPOT,60,2.730299761,0,6.898625524
182,DKN,10/12/15,10:02 PM,BLINDSPOT,60,2.665932579,0,4.056111962
183,DKN,10/12/15,10:03 PM,BLINDSPOT,60,2.620851072,0,5.242574287
184,DKN,10/12/15,10:04 PM,BLINDSPOT,60,2.4856775,0,2.84885115
185,DKN,10/12/15,10:05 PM,BLINDSPOT,60,2.469622749,0,2.724857077
186,DKN,10/12/15,10:06 PM,BLINDSPOT,60,2.430202104,0,1.541434148
187,DKN,10/12/15,10:07 PM,BLINDSPOT,60,2.433860149,0,1.749099827
188,DKN,10/12/15,10:08 PM,BLINDSPOT,60,2.419647167,0,2.978281504
189,DKN,10/12/15,10:09 PM,BLINDSPOT,60,2.376391192,0,1.948575481
190,DKN,10/12/15,10:10 PM,BLINDSPOT,60,2.377374358,0,2.565937299
191,DKN,10/12/15,10:11 PM,BLINDSPOT,60,2.335423791,0,1.90615373
192,DKN,10/12/15,10:12 PM,BLINDSPOT,60,2.334280007,0,1.389500417
193,DKN,10/12/15,10:13 PM,BLINDSPOT,60,2.364881691,0,3.882392854
194,DKN,10/12/15,10:14 PM,BLINDSPOT,60,2.284399621,1,10.06650271
195,DKN,10/12/15,10:15 PM,BLINDSPOT,60,2.074479901,1,2.893373781
196,DKN,10/12/15,10:16 PM,BLINDSPOT,60,2.076253098,1,2.618893064
197,DKN,10/12/15,10:17 PM,BLINDSPOT,60,2.101402052,1,1.900752378
198,DKN,10/12/15,10:18 PM,BLINDSPOT,60,2.145424826,0,1.109724131
199,DKN,10/12/15,10:19 PM,BLINDSPOT,60,2.174971606,0,1.73095945
200,DKN,10/12/15,10:20 PM,BLINDSPOT,60,2.17697009,0,1.444927421
201,DKN,10/12/15,10:21 PM,BLINDSPOT,60,2.177169045,0,1.059936593
202,DKN,10/12/15,10:22 PM,BLINDSPOT,60,2.198177791,0,2.315738374
203,DKN,10/12/15,10:23 PM,BLINDSPOT,60,2.160412017,0,1.088021938
204,DKN,10/12/15,10:24 PM,BLINDSPOT,60,2.168993203,0,1.737032002
205,DKN,10/12/15,10:25 PM,BLINDSPOT,60,2.167085217,1,8.329683769
206,DKN,10/12/15,10:26 PM,BLINDSPOT,60,1.987285509,1,2.86533093
207,DKN,10/12/15,10:27 PM,BLINDSPOT,60,1.969570751,0,2.360078828
208,DKN,10/12/15,10:28 PM,BLINDSPOT,60,1.955013614,0,2.049772512
209,DKN,10/12/15,10:29 PM,BLINDSPOT,60,1.951949249,1,1.147860887
210,DKN,10/12/15,10:30 PM,BLINDSPOT,60,2.029673023,1,1.078139348
211,DKN,10/12/15,10:31 PM,BLINDSPOT,60,2.101247253,0,0.377662541
212,DKN,10/12/15,10:32 PM,BLINDSPOT,60,2.159040698,0,1.391723191
213,DKN,10/12/15,10:33 PM,BLINDSPOT,60,2.178393267,0,1.824725183
214,DKN,10/12/15,10:34 PM,BLINDSPOT,60,2.183811792,0,1.608578325
215,DKN,10/12/15,10:35 PM,BLINDSPOT,60,2.193643844,0,6.467179385
216,DKN,10/12/15,10:36 PM,BLINDSPOT,60,2.073840624,1,4.191588928
217,DKN,10/12/15,10:37 PM,BLINDSPOT,60,2.045428052,1,2.895435391
218,DKN,10/12/15,10:38 PM,BLINDSPOT,60,2.035797104,1,1.825272786
219,DKN,10/12/15,10:39 PM,BLINDSPOT,60,2.065761221,1,1.778312659
220,DKN,10/12/15,10:40 PM,BLINDSPOT,60,2.102242458,1,1.372288408
221,DKN,10/12/15,10:41 PM,BLINDSPOT,60,2.127382565,0,1.703198621
222,DKN,10/12/15,10:42 PM,BLINDSPOT,60,2.126750158,0,1.203212385
223,DKN,10/12/15,10:43 PM,BLINDSPOT,60,2.12578254,0,1.130695568
224,DKN,10/12/15,10:44 PM,BLINDSPOT,60,2.133249755,0,2.470123825
225,DKN,10/12/15,10:45 PM,BLINDSPOT,60,2.098042617,1,7.671233192
226,DKN,10/12/15,10:46 PM,BLINDSPOT,60,1.937798577,1,2.53065023
227,DKN,10/12/15,10:47 PM,BLINDSPOT,60,1.964184972,1,1.696345048
228,DKN,10/12/15,10:48 PM,BLINDSPOT,60,2.013596743,1,1.0839715
229,DKN,10/12/15,10:49 PM,BLINDSPOT,60,2.057000804,1,2.598864956
230,DKN,10/12/15,10:50 PM,BLINDSPOT,60,2.055888091,0,1.402508341
231,DKN,10/12/15,10:51 PM,BLINDSPOT,60,2.084440142,0,1.639724267
232,DKN,10/12/15,10:52 PM,BLINDSPOT,60,2.070756211,0,1.761037831
233,DKN,10/12/15,10:53 PM,BLINDSPOT,60,2.072556395,0,2.397063049
234,DKN,10/12/15,10:54 PM,BLINDSPOT,60,2.080578306,0,2.206118014
235,DKN,10/12/15,10:55 PM,BLINDSPOT,60,2.074099807,0,0.907145292
236,DKN,10/12/15,10:56 PM,BLINDSPOT,60,2.086175342,0,0.662424384
237,DKN,10/12/15,10:57 PM,BLINDSPOT,60,2.111152653,1,6.064250817
238,DKN,10/12/15,10:58 PM,BLINDSPOT,60,2.058843842,1,5.119215857
239,DKN,10/12/15,10:59 PM,BLINDSPOT,60,2.070063632,1,0
240,DKN,10/19/15,10:00 PM,BLINDSPOT,60,2.925958494,0,19.29838584
241,DKN,10/19/15,10:01 PM,BLINDSPOT,60,2.615369481,0,10.61585499
242,DKN,10/19/15,10:02 PM,BLINDSPOT,60,2.436653525,0,6.216727579
243,DKN,10/19/15,10:03 PM,BLINDSPOT,60,2.361784455,0,3.221387857
244,DKN,10/19/15,10:04 PM,BLINDSPOT,60,2.360033895,0,4.815831535
245,DKN,10/19/15,10:05 PM,BLINDSPOT,60,2.288022542,0,2.519251211
246,DKN,10/19/15,10:06 PM,BLINDSPOT,60,2.268123302,0,2.12231613
247,DKN,10/19/15,10:07 PM,BLINDSPOT,60,2.255846987,0,1.703693359
248,DKN,10/19/15,10:08 PM,BLINDSPOT,60,2.273560351,1,10.32406754
249,DKN,10/19/15,10:09 PM,BLINDSPOT,60,2.050286203,1,4.7412598
250,DKN,10/19/15,10:10 PM,BLINDSPOT,60,2.027686784,1,3.769316202
251,DKN,10/19/15,10:11 PM,BLINDSPOT,60,2.009308467,1,2.483510495
252,DKN,10/19/15,10:12 PM,BLINDSPOT,60,2.049361122,1,3.199200033
253,DKN,10/19/15,10:13 PM,BLINDSPOT,60,2.096431124,0,2.008989725
254,DKN,10/19/15,10:14 PM,BLINDSPOT,60,2.127965453,0,1.614751885
255,DKN,10/19/15,10:15 PM,BLINDSPOT,60,2.116343412,0,2.197120749
256,DKN,10/19/15,10:16 PM,BLINDSPOT,60,2.120233677,0,1.383099177
257,DKN,10/19/15,10:17 PM,BLINDSPOT,60,2.127023768,0,1.286274361
258,DKN,10/19/15,10:18 PM,BLINDSPOT,60,2.124864637,0,1.751261415
259,DKN,10/19/15,10:19 PM,BLINDSPOT,60,2.101530835,1,8.309231718
260,DKN,10/19/15,10:20 PM,BLINDSPOT,60,1.971542055,1,4.079539485
261,DKN,10/19/15,10:21 PM,BLINDSPOT,60,1.94088221,1,2.736326579
262,DKN,10/19/15,10:22 PM,BLINDSPOT,60,1.952734559,1,1.435058714
263,DKN,10/19/15,10:23 PM,BLINDSPOT,60,1.999224333,1,1.557955553
264,DKN,10/19/15,10:24 PM,BLINDSPOT,60,2.039277804,0,2.299609498
265,DKN,10/19/15,10:25 PM,BLINDSPOT,60,2.047836278,0,1.900339808
266,DKN,10/19/15,10:26 PM,BLINDSPOT,60,2.050407447,0,1.941017304
267,DKN,10/19/15,10:27 PM,BLINDSPOT,60,2.038862328,0,1.048603882
268,DKN,10/19/15,10:28 PM,BLINDSPOT,60,2.054882884,0,2.825067687
269,DKN,10/19/15,10:29 PM,BLINDSPOT,60,2.009587967,0,1.100556065
270,DKN,10/19/15,10:30 PM,BLINDSPOT,60,2.001009615,0,1.04489073
271,DKN,10/19/15,10:31 PM,BLINDSPOT,60,2.006114333,1,10.14737524
272,DKN,10/19/15,10:32 PM,BLINDSPOT,60,1.809740578,1,3.587905677
273,DKN,10/19/15,10:33 PM,BLINDSPOT,60,1.774126386,0,2.055297203
274,DKN,10/19/15,10:34 PM,BLINDSPOT,60,1.81585536,0,1.227104858
275,DKN,10/19/15,10:35 PM,BLINDSPOT,60,1.891273155,1,2.111057944
276,DKN,10/19/15,10:36 PM,BLINDSPOT,60,1.959431015,0,2.023162932
277,DKN,10/19/15,10:37 PM,BLINDSPOT,60,1.970271494,0,2.068854575
278,DKN,10/19/15,10:38 PM,BLINDSPOT,60,1.959266677,0,1.315427535
279,DKN,10/19/15,10:39 PM,BLINDSPOT,60,1.954025551,0,1.018934831
280,DKN,10/19/15,10:40 PM,BLINDSPOT,60,1.955155192,0,0.561814632
281,DKN,10/19/15,10:41 PM,BLINDSPOT,60,1.9701676,0,0.316056627
282,DKN,10/19/15,10:42 PM,BLINDSPOT,60,1.988146522,1,8.995585824
283,DKN,10/19/15,10:43 PM,BLINDSPOT,60,1.829149007,1,1.69303438
284,DKN,10/19/15,10:44 PM,BLINDSPOT,60,1.843221295,1,1.791769274
285,DKN,10/19/15,10:45 PM,BLINDSPOT,60,1.879773321,1,2.182612996
286,DKN,10/19/15,10:46 PM,BLINDSPOT,60,1.901956742,0,0.855149554
287,DKN,10/19/15,10:47 PM,BLINDSPOT,60,1.981433759,0,1.13069146
288,DKN,10/19/15,10:48 PM,BLINDSPOT,60,1.988802221,0,0.796388704
289,DKN,10/19/15,10:49 PM,BLINDSPOT,60,1.996057404,1,8.309399275
290,DKN,10/19/15,10:50 PM,BLINDSPOT,60,1.841425194,1,2.491130466
291,DKN,10/19/15,10:51 PM,BLINDSPOT,60,1.848721689,1,0.596993018
292,DKN,10/19/15,10:52 PM,BLINDSPOT,60,1.929695665,1,0.917920893
293,DKN,10/19/15,10:53 PM,BLINDSPOT,60,1.964011333,0,1.178916461
294,DKN,10/19/15,10:54 PM,BLINDSPOT,60,1.984824525,0,1.550511273
295,DKN,10/19/15,10:55 PM,BLINDSPOT,60,1.974713625,0,1.129685309
296,DKN,10/19/15,10:56 PM,BLINDSPOT,60,1.980322443,0,1.23190399
297,DKN,10/19/15,10:57 PM,BLINDSPOT,60,1.989768919,0,0.485212962
298,DKN,10/19/15,10:58 PM,BLINDSPOT,60,2.061728264,1,2.672286519
299,DKN,10/19/15,10:59 PM,BLINDSPOT,60,2.130355629,1,0
300,DKN,10/26/15,10:00 PM,BLINDSPOT,60,2.894850764,0,20.69465215
301,DKN,10/26/15,10:01 PM,BLINDSPOT,60,2.436443571,0,9.125995297
302,DKN,10/26/15,10:02 PM,BLINDSPOT,60,2.351843293,0,6.091202607
303,DKN,10/26/15,10:03 PM,BLINDSPOT,60,2.268865288,0,6.442467549
304,DKN,10/26/15,10:04 PM,BLINDSPOT,60,2.192886115,0,5.379394978
305,DKN,10/26/15,10:05 PM,BLINDSPOT,60,2.115257506,0,2.380695719
306,DKN,10/26/15,10:06 PM,BLINDSPOT,60,2.129565758,0,3.67173238
307,DKN,10/26/15,10:07 PM,BLINDSPOT,60,2.097790968,0,3.659406222
308,DKN,10/26/15,10:08 PM,BLINDSPOT,60,2.053300917,1,7.664981905
309,DKN,10/26/15,10:09 PM,BLINDSPOT,60,1.906816131,1,2.740972759
310,DKN,10/26/15,10:10 PM,BLINDSPOT,60,1.938402177,1,2.494765131
311,DKN,10/26/15,10:11 PM,BLINDSPOT,60,1.971144359,1,2.864378828
312,DKN,10/26/15,10:12 PM,BLINDSPOT,60,2.022354944,1,2.954476716
313,DKN,10/26/15,10:13 PM,BLINDSPOT,60,1.995021566,0,2.766601178
314,DKN,10/26/15,10:14 PM,BLINDSPOT,60,1.985290661,0,1.570667551
315,DKN,10/26/15,10:15 PM,BLINDSPOT,60,1.990612509,0,1.618294373
316,DKN,10/26/15,10:16 PM,BLINDSPOT,60,1.973682425,0,1.814960531
317,DKN,10/26/15,10:17 PM,BLINDSPOT,60,1.973023282,0,1.927175872
318,DKN,10/26/15,10:18 PM,BLINDSPOT,60,1.956450667,0,1.661896233
319,DKN,10/26/15,10:19 PM,BLINDSPOT,60,1.953830469,1,6.988510694
320,DKN,10/26/15,10:20 PM,BLINDSPOT,60,1.816661767,1,3.622694579
321,DKN,10/26/15,10:21 PM,BLINDSPOT,60,1.781214678,1,1.503455727
322,DKN,10/26/15,10:22 PM,BLINDSPOT,60,1.800987529,1,1.531415389
323,DKN,10/26/15,10:23 PM,BLINDSPOT,60,1.94558173,0,1.956031152
324,DKN,10/26/15,10:24 PM,BLINDSPOT,60,1.940720932,0,1.300796768
325,DKN,10/26/15,10:25 PM,BLINDSPOT,60,1.962858134,0,1.351015871
326,DKN,10/26/15,10:26 PM,BLINDSPOT,60,1.959664078,0,1.522194805
327,DKN,10/26/15,10:27 PM,BLINDSPOT,60,1.962337735,0,1.717329671
328,DKN,10/26/15,10:28 PM,BLINDSPOT,60,1.963543694,0,1.958659387
329,DKN,10/26/15,10:29 PM,BLINDSPOT,60,1.946838621,0,1.616274073
330,DKN,10/26/15,10:30 PM,BLINDSPOT,60,1.939070382,0,1.149050504
331,DKN,10/26/15,10:31 PM,BLINDSPOT,60,1.935355942,0,1.703091988
332,DKN,10/26/15,10:32 PM,BLINDSPOT,60,1.927368896,0,4.840524959
333,DKN,10/26/15,10:33 PM,BLINDSPOT,60,1.836889906,1,6.413777642
334,DKN,10/26/15,10:34 PM,BLINDSPOT,60,1.721814754,1,2.50628659
335,DKN,10/26/15,10:35 PM,BLINDSPOT,60,1.760508911,0,1.710488517
336,DKN,10/26/15,10:36 PM,BLINDSPOT,60,1.772722826,1,1.997466007
337,DKN,10/26/15,10:37 PM,BLINDSPOT,60,1.850692838,1,0.855066504
338,DKN,10/26/15,10:38 PM,BLINDSPOT,60,1.887932137,0,1.453398007
339,DKN,10/26/15,10:39 PM,BLINDSPOT,60,1.892511989,0,0.859550537
340,DKN,10/26/15,10:40 PM,BLINDSPOT,60,1.911430257,0,1.046021272
341,DKN,10/26/15,10:41 PM,BLINDSPOT,60,1.910380961,0,2.998118097
342,DKN,10/26/15,10:42 PM,BLINDSPOT,60,1.864274956,1,4.531853998
343,DKN,10/26/15,10:43 PM,BLINDSPOT,60,1.805791759,1,1.81578553
344,DKN,10/26/15,10:44 PM,BLINDSPOT,60,1.82327106,1,1.632538017
345,DKN,10/26/15,10:45 PM,BLINDSPOT,60,1.881114161,1,1.911479863
346,DKN,10/26/15,10:46 PM,BLINDSPOT,60,1.891195365,0,1.485164077
347,DKN,10/26/15,10:47 PM,BLINDSPOT,60,1.891377622,0,0.949770614
348,DKN,10/26/15,10:48 PM,BLINDSPOT,60,1.894047945,0,1.917926267
349,DKN,10/26/15,10:49 PM,BLINDSPOT,60,1.886475898,0,3.120049589
350,DKN,10/26/15,10:50 PM,BLINDSPOT,60,1.834697319,1,4.958511871
351,DKN,10/26/15,10:51 PM,BLINDSPOT,60,1.747285414,1,1.310436267
352,DKN,10/26/15,10:52 PM,BLINDSPOT,60,1.772872245,1,1.294834949
353,DKN,10/26/15,10:53 PM,BLINDSPOT,60,1.826116342,1,1.460671806
354,DKN,10/26/15,10:54 PM,BLINDSPOT,60,1.837456731,0,1.119182761
355,DKN,10/26/15,10:55 PM,BLINDSPOT,60,1.86060343,0,0.903922628
356,DKN,10/26/15,10:56 PM,BLINDSPOT,60,1.875223688,0,1.417881002
357,DKN,10/26/15,10:57 PM,BLINDSPOT,60,1.885051375,0,1.686592914
358,DKN,10/26/15,10:58 PM,BLINDSPOT,60,1.926771948,1,1.742533885
359,DKN,10/26/15,10:59 PM,BLINDSPOT,60,1.983187401,1,0
360,DKN,11/2/15,10:00 PM,BLINDSPOT,60,3.192633757,1,19.08119825
361,DKN,11/2/15,10:01 PM,BLINDSPOT,60,2.797290913,0,9.076630152
362,DKN,11/2/15,10:02 PM,BLINDSPOT,60,2.721971215,0,5.250082275
363,DKN,11/2/15,10:03 PM,BLINDSPOT,60,2.646880124,0,3.969091166
364,DKN,11/2/15,10:04 PM,BLINDSPOT,60,2.628173068,0,2.695588504
365,DKN,11/2/15,10:05 PM,BLINDSPOT,60,2.607462254,0,3.132478118
366,DKN,11/2/15,10:06 PM,BLINDSPOT,60,2.582854942,0,3.347402188
367,DKN,11/2/15,10:07 PM,BLINDSPOT,60,2.550514942,0,1.654053641
368,DKN,11/2/15,10:08 PM,BLINDSPOT,60,2.573862081,0,7.980306284
369,DKN,11/2/15,10:09 PM,BLINDSPOT,60,2.398463011,1,5.591894414
370,DKN,11/2/15,10:10 PM,BLINDSPOT,60,2.300732118,1,2.499784262
371,DKN,11/2/15,10:11 PM,BLINDSPOT,60,2.357496939,1,3.348242127
372,DKN,11/2/15,10:12 PM,BLINDSPOT,60,2.355820289,1,1.576820079
373,DKN,11/2/15,10:13 PM,BLINDSPOT,60,2.413124339,0,2.761482893
374,DKN,11/2/15,10:14 PM,BLINDSPOT,60,2.440500443,0,1.875358525
375,DKN,11/2/15,10:15 PM,BLINDSPOT,60,2.427771659,0,1.367722236
376,DKN,11/2/15,10:16 PM,BLINDSPOT,60,2.447368464,0,2.758681451
377,DKN,11/2/15,10:17 PM,BLINDSPOT,60,2.422726923,0,1.954617044
378,DKN,11/2/15,10:18 PM,BLINDSPOT,60,2.39565554,0,1.921101161
379,DKN,11/2/15,10:19 PM,BLINDSPOT,60,2.391449601,0,0.660075317
380,DKN,11/2/15,10:20 PM,BLINDSPOT,60,2.422345319,1,7.831252792
381,DKN,11/2/15,10:21 PM,BLINDSPOT,60,2.284764527,1,5.158152875
382,DKN,11/2/15,10:22 PM,BLINDSPOT,60,2.200885601,1,1.461770689
383,DKN,11/2/15,10:23 PM,BLINDSPOT,60,2.285111081,1,1.751286261
384,DKN,11/2/15,10:24 PM,BLINDSPOT,60,2.302469182,1,2.81678525
385,DKN,11/2/15,10:25 PM,BLINDSPOT,60,2.297819674,0,1.840712445
386,DKN,11/2/15,10:26 PM,BLINDSPOT,60,2.312453048,0,1.240736213
387,DKN,11/2/15,10:27 PM,BLINDSPOT,60,2.329133425,0,2.535086881
388,DKN,11/2/15,10:28 PM,BLINDSPOT,60,2.290090728,0,1.469911203
389,DKN,11/2/15,10:29 PM,BLINDSPOT,60,2.281344378,0,0.893640698
390,DKN,11/2/15,10:30 PM,BLINDSPOT,60,2.297140843,0,1.328714943
391,DKN,11/2/15,10:31 PM,BLINDSPOT,60,2.292625609,1,10.46897375
392,DKN,11/2/15,10:32 PM,BLINDSPOT,60,2.085483035,1,3.855620286
393,DKN,11/2/15,10:33 PM,BLINDSPOT,60,2.054733582,0,2.848935466
394,DKN,11/2/15,10:34 PM,BLINDSPOT,60,2.12675733,0,1.390125451
395,DKN,11/2/15,10:35 PM,BLINDSPOT,60,2.15051753,0,1.950556672
396,DKN,11/2/15,10:36 PM,BLINDSPOT,60,2.228537976,0,1.577340296
397,DKN,11/2/15,10:37 PM,BLINDSPOT,60,2.2367385,0,0.978510186
398,DKN,11/2/15,10:38 PM,BLINDSPOT,60,2.266228699,0,2.479853114
399,DKN,11/2/15,10:39 PM,BLINDSPOT,60,2.232373153,0,3.698318637
400,DKN,11/2/15,10:40 PM,BLINDSPOT,60,2.177533222,1,7.328163032
401,DKN,11/2/15,10:41 PM,BLINDSPOT,60,2.044045519,1,2.301571001
402,DKN,11/2/15,10:42 PM,BLINDSPOT,60,2.107277183,1,2.216515307
403,DKN,11/2/15,10:43 PM,BLINDSPOT,60,2.141810109,1,1.043989948
404,DKN,11/2/15,10:44 PM,BLINDSPOT,60,2.220618096,0,1.47889521
405,DKN,11/2/15,10:45 PM,BLINDSPOT,60,2.223800762,0,1.742304678
406,DKN,11/2/15,10:46 PM,BLINDSPOT,60,2.246851018,0,2.180599865
407,DKN,11/2/15,10:47 PM,BLINDSPOT,60,2.219534028,0,1.319119652
408,DKN,11/2/15,10:48 PM,BLINDSPOT,60,2.211928428,0,6.045739939
409,DKN,11/2/15,10:49 PM,BLINDSPOT,60,2.110231571,1,4.0479435
410,DKN,11/2/15,10:50 PM,BLINDSPOT,60,2.094976673,1,3.459391659
411,DKN,11/2/15,10:51 PM,BLINDSPOT,60,2.072280758,1,2.174748503
412,DKN,11/2/15,10:52 PM,BLINDSPOT,60,2.123513193,0,1.532603457
413,DKN,11/2/15,10:53 PM,BLINDSPOT,60,2.166603629,0,1.00584689
414,DKN,11/2/15,10:54 PM,BLINDSPOT,60,2.197369921,0,1.196625724
415,DKN,11/2/15,10:55 PM,BLINDSPOT,60,2.213449224,0,1.053071625
416,DKN,11/2/15,10:56 PM,BLINDSPOT,60,2.245567028,0,1.848449109
417,DKN,11/2/15,10:57 PM,BLINDSPOT,60,2.275337938,0,0.886779139
418,DKN,11/2/15,10:58 PM,BLINDSPOT,60,2.350365755,0,1.822415928
419,DKN,11/2/15,10:59 PM,BLINDSPOT,60,2.383368555,0,0
420,DKN,11/9/15,10:00 PM,BLINDSPOT,60,2.839552181,0,17.71338181
421,DKN,11/9/15,10:01 PM,BLINDSPOT,60,2.481255083,0,7.699647682
422,DKN,11/9/15,10:02 PM,BLINDSPOT,60,2.340873632,0,4.663283505
423,DKN,11/9/15,10:03 PM,BLINDSPOT,60,2.318015035,0,4.111343036
424,DKN,11/9/15,10:04 PM,BLINDSPOT,60,2.273806455,0,2.164195706
425,DKN,11/9/15,10:05 PM,BLINDSPOT,60,2.268101937,1,6.439712296
426,DKN,11/9/15,10:06 PM,BLINDSPOT,60,2.1611741,1,3.79559039
427,DKN,11/9/15,10:07 PM,BLINDSPOT,60,2.10754211,1,3.399121357
428,DKN,11/9/15,10:08 PM,BLINDSPOT,60,2.087917901,1,1.88374108
429,DKN,11/9/15,10:09 PM,BLINDSPOT,60,2.108894251,1,2.62352634
430,DKN,11/9/15,10:10 PM,BLINDSPOT,60,2.123803887,0,2.12654185
431,DKN,11/9/15,10:11 PM,BLINDSPOT,60,2.126105697,0,2.375546845
432,DKN,11/9/15,10:12 PM,BLINDSPOT,60,2.11513079,0,2.260690062
433,DKN,11/9/15,10:13 PM,BLINDSPOT,60,2.104176898,0,0.825727312
434,DKN,11/9/15,10:14 PM,BLINDSPOT,60,2.136759691,0,1.779867727
435,DKN,11/9/15,10:15 PM,BLINDSPOT,60,2.10887409,0,2.400327439
436,DKN,11/9/15,10:16 PM,BLINDSPOT,60,2.083896974,0,1.677753224
437,DKN,11/9/15,10:17 PM,BLINDSPOT,60,2.068364538,0,1.750684857
438,DKN,11/9/15,10:18 PM,BLINDSPOT,60,2.063584889,0,2.337960387
439,DKN,11/9/15,10:19 PM,BLINDSPOT,60,2.025622196,1,5.947732869
440,DKN,11/9/15,10:20 PM,BLINDSPOT,60,1.921641013,1,2.915570396
441,DKN,11/9/15,10:21 PM,BLINDSPOT,60,1.894482769,1,1.588845859
442,DKN,11/9/15,10:22 PM,BLINDSPOT,60,1.931651515,1,3.89258254
443,DKN,11/9/15,10:23 PM,BLINDSPOT,60,1.939074631,0,2.149546586
444,DKN,11/9/15,10:24 PM,BLINDSPOT,60,1.94409943,0,0.819605128
445,DKN,11/9/15,10:25 PM,BLINDSPOT,60,1.964978144,0,1.794093361
446,DKN,11/9/15,10:26 PM,BLINDSPOT,60,1.952917205,0,1.886287389
447,DKN,11/9/15,10:27 PM,BLINDSPOT,60,1.934501867,1,5.681302788
448,DKN,11/9/15,10:28 PM,BLINDSPOT,60,1.827141708,1,4.886445631
449,DKN,11/9/15,10:29 PM,BLINDSPOT,60,1.777161629,0,2.364442279
450,DKN,11/9/15,10:30 PM,BLINDSPOT,60,1.780964889,0,3.411340438
451,DKN,11/9/15,10:31 PM,BLINDSPOT,60,1.771594926,1,1.691155317
452,DKN,11/9/15,10:32 PM,BLINDSPOT,60,1.821023592,0,1.382636618
453,DKN,11/9/15,10:33 PM,BLINDSPOT,60,1.860221451,0,2.465766069
454,DKN,11/9/15,10:34 PM,BLINDSPOT,60,1.849003536,0,0.803728091
455,DKN,11/9/15,10:35 PM,BLINDSPOT,60,1.860959786,0,0.725788932
456,DKN,11/9/15,10:36 PM,BLINDSPOT,60,1.881237921,0,1.149780573
457,DKN,11/9/15,10:37 PM,BLINDSPOT,60,1.866523172,0,1.339955963
458,DKN,11/9/15,10:38 PM,BLINDSPOT,60,1.846879958,0,0.963369328
459,DKN,11/9/15,10:39 PM,BLINDSPOT,60,1.85885151,1,6.068127159
460,DKN,11/9/15,10:40 PM,BLINDSPOT,60,1.766570921,1,2.736355987
461,DKN,11/9/15,10:41 PM,BLINDSPOT,60,1.758161183,1,1.492852357
462,DKN,11/9/15,10:42 PM,BLINDSPOT,60,1.774837795,1,1.325596856
463,DKN,11/9/15,10:43 PM,BLINDSPOT,60,1.811416815,0,0.999252806
464,DKN,11/9/15,10:44 PM,BLINDSPOT,60,1.847682305,0,1.663693856
465,DKN,11/9/15,10:45 PM,BLINDSPOT,60,1.810427259,0,1.926630174
466,DKN,11/9/15,10:46 PM,BLINDSPOT,60,1.797827466,0,1.348944773
467,DKN,11/9/15,10:47 PM,BLINDSPOT,60,1.794235578,0,0.659701183
468,DKN,11/9/15,10:48 PM,BLINDSPOT,60,1.814006533,1,5.886499437
469,DKN,11/9/15,10:49 PM,BLINDSPOT,60,1.728415127,1,3.229940079
470,DKN,11/9/15,10:50 PM,BLINDSPOT,60,1.733439677,1,1.550838047
471,DKN,11/9/15,10:51 PM,BLINDSPOT,60,1.762953674,1,1.798709969
472,DKN,11/9/15,10:52 PM,BLINDSPOT,60,1.793154072,0,0.705996773
473,DKN,11/9/15,10:53 PM,BLINDSPOT,60,1.826134816,0,1.864780226
474,DKN,11/9/15,10:54 PM,BLINDSPOT,60,1.818354611,0,0.865598244
475,DKN,11/9/15,10:55 PM,BLINDSPOT,60,1.827150004,0,0.685856525
476,DKN,11/9/15,10:56 PM,BLINDSPOT,60,1.843198704,0,0.976012116
477,DKN,11/9/15,10:57 PM,BLINDSPOT,60,1.832405014,0,1.091203262
478,DKN,11/9/15,10:58 PM,BLINDSPOT,60,1.871713925,0,1.977307913
479,DKN,11/9/15,10:59 PM,BLINDSPOT,60,1.935596072,0,0
480,DKN,11/16/15,10:00 PM,BLINDSPOT,60,3.230364167,0,23.5322945
481,DKN,11/16/15,10:01 PM,BLINDSPOT,60,2.798602427,0,8.921480107
482,DKN,11/16/15,10:02 PM,BLINDSPOT,60,2.741152589,0,6.684059012
483,DKN,11/16/15,10:03 PM,BLINDSPOT,60,2.661507948,0,3.806515382
484,DKN,11/16/15,10:04 PM,BLINDSPOT,60,2.622491384,0,5.605498881
485,DKN,11/16/15,10:05 PM,BLINDSPOT,60,2.577512811,1,10.42209696
486,DKN,11/16/15,10:06 PM,BLINDSPOT,60,2.401602613,1,4.754754325
487,DKN,11/16/15,10:07 PM,BLINDSPOT,60,2.359917495,1,3.134959428
488,DKN,11/16/15,10:08 PM,BLINDSPOT,60,2.359719864,1,4.025432872
489,DKN,11/16/15,10:09 PM,BLINDSPOT,60,2.350215168,1,3.024124759
490,DKN,11/16/15,10:10 PM,BLINDSPOT,60,2.383484865,0,3.562688819
491,DKN,11/16/15,10:11 PM,BLINDSPOT,60,2.373197704,0,4.310154252
492,DKN,11/16/15,10:12 PM,BLINDSPOT,60,2.322972699,0,1.920581046
493,DKN,11/16/15,10:13 PM,BLINDSPOT,60,2.340709991,0,2.838599753
494,DKN,11/16/15,10:14 PM,BLINDSPOT,60,2.334781238,0,2.166037384
495,DKN,11/16/15,10:15 PM,BLINDSPOT,60,2.315694189,0,3.260121116
496,DKN,11/16/15,10:16 PM,BLINDSPOT,60,2.297684172,0,1.668697673
497,DKN,11/16/15,10:17 PM,BLINDSPOT,60,2.287806408,0,1.520054681
498,DKN,11/16/15,10:18 PM,BLINDSPOT,60,2.283710234,1,8.823722897
499,DKN,11/16/15,10:19 PM,BLINDSPOT,60,2.140311019,1,4.242290494
500,DKN,11/16/15,10:20 PM,BLINDSPOT,60,2.087126947,1,2.672262953
501,DKN,11/16/15,10:21 PM,BLINDSPOT,60,2.118009919,1,2.296341782
502,DKN,11/16/15,10:22 PM,BLINDSPOT,60,2.159918035,0,1.543608817
503,DKN,11/16/15,10:23 PM,BLINDSPOT,60,2.200722711,0,1.63507938
504,DKN,11/16/15,10:24 PM,BLINDSPOT,60,2.232877772,0,2.256581576
505,DKN,11/16/15,10:25 PM,BLINDSPOT,60,2.225236719,0,1.362023235
506,DKN,11/16/15,10:26 PM,BLINDSPOT,60,2.248726197,0,2.15097109
507,DKN,11/16/15,10:27 PM,BLINDSPOT,60,2.244882748,0,1.435101391
508,DKN,11/16/15,10:28 PM,BLINDSPOT,60,2.249870419,0,2.776236071
509,DKN,11/16/15,10:29 PM,BLINDSPOT,60,2.230945166,0,1.726224152
510,DKN,11/16/15,10:30 PM,BLINDSPOT,60,2.222070349,0,0.254556404
511,DKN,11/16/15,10:31 PM,BLINDSPOT,60,2.231153263,0,0.826148849
512,DKN,11/16/15,10:32 PM,BLINDSPOT,60,2.232699513,1,10.82234676
513,DKN,11/16/15,10:33 PM,BLINDSPOT,60,2.035326488,1,3.809037551
514,DKN,11/16/15,10:34 PM,BLINDSPOT,60,2.025308774,0,2.032309831
515,DKN,11/16/15,10:35 PM,BLINDSPOT,60,2.059265794,0,2.100672029
516,DKN,11/16/15,10:36 PM,BLINDSPOT,60,2.071016099,1,3.402761223
517,DKN,11/16/15,10:37 PM,BLINDSPOT,60,2.120554443,0,1.628812437
518,DKN,11/16/15,10:38 PM,BLINDSPOT,60,2.133087631,0,1.990487647
519,DKN,11/16/15,10:39 PM,BLINDSPOT,60,2.122575109,0,3.562025967
520,DKN,11/16/15,10:40 PM,BLINDSPOT,60,2.093157861,0,1.393220276
521,DKN,11/16/15,10:41 PM,BLINDSPOT,60,2.058628772,0,1.455222626
522,DKN,11/16/15,10:42 PM,BLINDSPOT,60,2.053155671,1,9.214571094
523,DKN,11/16/15,10:43 PM,BLINDSPOT,60,1.954989749,1,1.512263388
524,DKN,11/16/15,10:44 PM,BLINDSPOT,60,2.017439575,1,2.526120647
525,DKN,11/16/15,10:45 PM,BLINDSPOT,60,2.019490435,1,1.752286445
526,DKN,11/16/15,10:46 PM,BLINDSPOT,60,2.068118228,0,1.405724462
527,DKN,11/16/15,10:47 PM,BLINDSPOT,60,2.116468525,0,1.64985306
528,DKN,11/16/15,10:48 PM,BLINDSPOT,60,2.121677842,0,1.867591282
529,DKN,11/16/15,10:49 PM,BLINDSPOT,60,2.106153466,0,1.434619356
530,DKN,11/16/15,10:50 PM,BLINDSPOT,60,2.126779188,1,9.3711626
531,DKN,11/16/15,10:51 PM,BLINDSPOT,60,1.981781104,1,3.068009721
532,DKN,11/16/15,10:52 PM,BLINDSPOT,60,1.970717619,1,1.502777847
533,DKN,11/16/15,10:53 PM,BLINDSPOT,60,2.034446257,1,1.815240535
534,DKN,11/16/15,10:54 PM,BLINDSPOT,60,2.088590446,0,1.332720598
535,DKN,11/16/15,10:55 PM,BLINDSPOT,60,2.121461317,0,1.627007099
536,DKN,11/16/15,10:56 PM,BLINDSPOT,60,2.128582202,0,1.49310819
537,DKN,11/16/15,10:57 PM,BLINDSPOT,60,2.159466518,0,1.90442637
538,DKN,11/16/15,10:58 PM,BLINDSPOT,60,2.235516494,0,3.760233774
539,DKN,11/16/15,10:59 PM,BLINDSPOT,60,2.273418507,0,0
540,DKN,11/23/15,10:00 PM,BLINDSPOT,60,2.635694275,0,18.34161054
541,DKN,11/23/15,10:01 PM,BLINDSPOT,60,2.336155716,0,10.09379753
542,DKN,11/23/15,10:02 PM,BLINDSPOT,60,2.223513952,0,5.17154668
543,DKN,11/23/15,10:03 PM,BLINDSPOT,60,2.156649886,0,5.416771465
544,DKN,11/23/15,10:04 PM,BLINDSPOT,60,2.087431854,0,3.033273148
545,DKN,11/23/15,10:05 PM,BLINDSPOT,60,2.068972545,0,3.546504338
546,DKN,11/23/15,10:06 PM,BLINDSPOT,60,2.03016078,0,2.965227292
547,DKN,11/23/15,10:07 PM,BLINDSPOT,60,2.015442974,0,1.698502988
548,DKN,11/23/15,10:08 PM,BLINDSPOT,60,2.005144079,0,1.421245615
549,DKN,11/23/15,10:09 PM,BLINDSPOT,60,2.010341411,0,4.825821107
550,DKN,11/23/15,10:10 PM,BLINDSPOT,60,1.924321508,1,4.504655692
551,DKN,11/23/15,10:11 PM,BLINDSPOT,60,1.878651645,1,3.125932291
552,DKN,11/23/15,10:12 PM,BLINDSPOT,60,1.870881425,1,1.784501304
553,DKN,11/23/15,10:13 PM,BLINDSPOT,60,1.879966233,1,2.334699901
554,DKN,11/23/15,10:14 PM,BLINDSPOT,60,1.897232875,0,2.472054977
555,DKN,11/23/15,10:15 PM,BLINDSPOT,60,1.90120747,0,1.977068287
556,DKN,11/23/15,10:16 PM,BLINDSPOT,60,1.893362135,0,2.813738633
557,DKN,11/23/15,10:17 PM,BLINDSPOT,60,1.866054916,0,2.127487456
558,DKN,11/23/15,10:18 PM,BLINDSPOT,60,1.867091959,0,2.118939735
559,DKN,11/23/15,10:19 PM,BLINDSPOT,60,1.859750099,0,1.68221857
560,DKN,11/23/15,10:20 PM,BLINDSPOT,60,1.843786927,1,7.411961933
561,DKN,11/23/15,10:21 PM,BLINDSPOT,60,1.718702005,1,2.819694114
562,DKN,11/23/15,10:22 PM,BLINDSPOT,60,1.71158337,1,1.893623773
563,DKN,11/23/15,10:23 PM,BLINDSPOT,60,1.733264903,1,1.107390019
564,DKN,11/23/15,10:24 PM,BLINDSPOT,60,1.761036013,1,3.185876083
565,DKN,11/23/15,10:25 PM,BLINDSPOT,60,1.778401642,0,1.306747323
566,DKN,11/23/15,10:26 PM,BLINDSPOT,60,1.793434717,0,1.440684329
567,DKN,11/23/15,10:27 PM,BLINDSPOT,60,1.791270299,0,1.15910963
568,DKN,11/23/15,10:28 PM,BLINDSPOT,60,1.815477398,0,2.559271113
569,DKN,11/23/15,10:29 PM,BLINDSPOT,60,1.783501923,0,1.6625979
570,DKN,11/23/15,10:30 PM,BLINDSPOT,60,1.767864877,1,7.101601559
571,DKN,11/23/15,10:31 PM,BLINDSPOT,60,1.648217795,1,4.499989385
572,DKN,11/23/15,10:32 PM,BLINDSPOT,60,1.595083736,0,2.4643881
573,DKN,11/23/15,10:33 PM,BLINDSPOT,60,1.596671006,0,1.426006913
574,DKN,11/23/15,10:34 PM,BLINDSPOT,60,1.653825301,1,2.06923779
575,DKN,11/23/15,10:35 PM,BLINDSPOT,60,1.679189996,0,1.215219686
576,DKN,11/23/15,10:36 PM,BLINDSPOT,60,1.682257972,0,1.09399291
577,DKN,11/23/15,10:37 PM,BLINDSPOT,60,1.6792037,0,0.46982836
578,DKN,11/23/15,10:38 PM,BLINDSPOT,60,1.693414974,0,2.042163659
579,DKN,11/23/15,10:39 PM,BLINDSPOT,60,1.671303453,0,1.057333804
580,DKN,11/23/15,10:40 PM,BLINDSPOT,60,1.683778153,0,0.613187673
581,DKN,11/23/15,10:41 PM,BLINDSPOT,60,1.69319566,0,3.405417925
582,DKN,11/23/15,10:42 PM,BLINDSPOT,60,1.645668702,1,6.637286874
583,DKN,11/23/15,10:43 PM,BLINDSPOT,60,1.566291304,1,1.917273785
584,DKN,11/23/15,10:44 PM,BLINDSPOT,60,1.598373425,1,2.628032028
585,DKN,11/23/15,10:45 PM,BLINDSPOT,60,1.624942054,1,1.846565339
586,DKN,11/23/15,10:46 PM,BLINDSPOT,60,1.644491836,0,1.334112708
587,DKN,11/23/15,10:47 PM,BLINDSPOT,60,1.653504125,0,1.900821881
588,DKN,11/23/15,10:48 PM,BLINDSPOT,60,1.641584723,0,1.434703009
589,DKN,11/23/15,10:49 PM,BLINDSPOT,60,1.650872397,0,1.660405677
590,DKN,11/23/15,10:50 PM,BLINDSPOT,60,1.645848493,1,7.600962522
591,DKN,11/23/15,10:51 PM,BLINDSPOT,60,1.533466236,1,1.139509462
592,DKN,11/23/15,10:52 PM,BLINDSPOT,60,1.563846675,1,1.456385231
593,DKN,11/23/15,10:53 PM,BLINDSPOT,60,1.621281022,1,2.890926637
594,DKN,11/23/15,10:54 PM,BLINDSPOT,60,1.620550166,0,2.484977857
595,DKN,11/23/15,10:55 PM,BLINDSPOT,60,1.610751078,0,1.056235382
596,DKN,11/23/15,10:56 PM,BLINDSPOT,60,1.635561556,0,0.548637542
597,DKN,11/23/15,10:57 PM,BLINDSPOT,60,1.659590556,0,0.884623379
598,DKN,11/23/15,10:58 PM,BLINDSPOT,60,1.698858179,0,1.451407615
599,DKN,11/23/15,10:59 PM,BLINDSPOT,60,1.740585266,0,0
600,DKN,2/29/16,10:00 PM,BLINDSPOT,60,3.638674631,0,26.66176021
601,DKN,2/29/16,10:01 PM,BLINDSPOT,60,2.922724544,0,12.49360069
602,DKN,2/29/16,10:02 PM,BLINDSPOT,60,2.704203469,0,8.285193209
603,DKN,2/29/16,10:03 PM,BLINDSPOT,60,2.542196639,0,5.932817643
604,DKN,2/29/16,10:04 PM,BLINDSPOT,60,2.449461006,0,4.560087574
605,DKN,2/29/16,10:05 PM,BLINDSPOT,60,2.40883708,0,5.410106097
606,DKN,2/29/16,10:06 PM,BLINDSPOT,60,2.35177412,0,4.54190074
607,DKN,2/29/16,10:07 PM,BLINDSPOT,60,2.294022307,0,3.562450891
608,DKN,2/29/16,10:08 PM,BLINDSPOT,60,2.254498686,0,2.701581623
609,DKN,2/29/16,10:09 PM,BLINDSPOT,60,2.225829233,0,3.59149416
610,DKN,2/29/16,10:10 PM,BLINDSPOT,60,2.196682815,0,3.509217913
611,DKN,2/29/16,10:11 PM,BLINDSPOT,60,2.175440104,0,2.958312495
612,DKN,2/29/16,10:12 PM,BLINDSPOT,60,2.166085138,0,3.533379102
613,DKN,2/29/16,10:13 PM,BLINDSPOT,60,2.134686184,0,2.782618921
614,DKN,2/29/16,10:14 PM,BLINDSPOT,60,2.101117341,0,2.392570741
615,DKN,2/29/16,10:15 PM,BLINDSPOT,60,2.096572083,0,3.721937295
616,DKN,2/29/16,10:16 PM,BLINDSPOT,60,2.047890252,1,5.646749514
617,DKN,2/29/16,10:17 PM,BLINDSPOT,60,1.963919927,1,2.273007023
618,DKN,2/29/16,10:18 PM,BLINDSPOT,60,1.977646863,1,4.057937878
619,DKN,2/29/16,10:19 PM,BLINDSPOT,60,1.944336795,0,2.333065845
620,DKN,2/29/16,10:20 PM,BLINDSPOT,60,1.942710589,0,3.098004396
621,DKN,2/29/16,10:21 PM,BLINDSPOT,60,1.934955931,0,1.949734746
622,DKN,2/29/16,10:22 PM,BLINDSPOT,60,1.93985271,0,3.55836486
623,DKN,2/29/16,10:23 PM,BLINDSPOT,60,1.906023447,0,1.895859847
624,DKN,2/29/16,10:24 PM,BLINDSPOT,60,1.912752132,0,2.431396319
625,DKN,2/29/16,10:25 PM,BLINDSPOT,60,1.9021389,0,2.618354759
626,DKN,2/29/16,10:26 PM,BLINDSPOT,60,1.889764903,1,7.145031353
627,DKN,2/29/16,10:27 PM,BLINDSPOT,60,1.786475814,1,3.678527692
628,DKN,2/29/16,10:28 PM,BLINDSPOT,60,1.794956239,0,3.978132616
629,DKN,2/29/16,10:29 PM,BLINDSPOT,60,1.77325886,1,2.283547425
630,DKN,2/29/16,10:30 PM,BLINDSPOT,60,1.820278754,0,2.953000755
631,DKN,2/29/16,10:31 PM,BLINDSPOT,60,1.816918395,0,2.169965402
632,DKN,2/29/16,10:32 PM,BLINDSPOT,60,1.811953056,0,1.832193955
633,DKN,2/29/16,10:33 PM,BLINDSPOT,60,1.813591288,0,5.592950424
634,DKN,2/29/16,10:34 PM,BLINDSPOT,60,1.746833802,1,6.723601029
635,DKN,2/29/16,10:35 PM,BLINDSPOT,60,1.665259713,1,2.237884578
636,DKN,2/29/16,10:36 PM,BLINDSPOT,60,1.699057667,1,2.897139718
637,DKN,2/29/16,10:37 PM,BLINDSPOT,60,1.702322811,1,2.582498644
638,DKN,2/29/16,10:38 PM,BLINDSPOT,60,1.699229916,1,1.09871149
639,DKN,2/29/16,10:39 PM,BLINDSPOT,60,1.751978448,0,2.562497969
640,DKN,2/29/16,10:40 PM,BLINDSPOT,60,1.736668573,0,1.707059196
641,DKN,2/29/16,10:41 PM,BLINDSPOT,60,1.734227257,0,0.622686222
642,DKN,2/29/16,10:42 PM,BLINDSPOT,60,1.772577239,0,0.907094652
643,DKN,2/29/16,10:43 PM,BLINDSPOT,60,1.790792093,1,8.871577358
644,DKN,2/29/16,10:44 PM,BLINDSPOT,60,1.675939565,1,2.787175166
645,DKN,2/29/16,10:45 PM,BLINDSPOT,60,1.681775864,1,2.542992512
646,DKN,2/29/16,10:46 PM,BLINDSPOT,60,1.698401096,1,2.569450456
647,DKN,2/29/16,10:47 PM,BLINDSPOT,60,1.692662566,1,1.780153811
648,DKN,2/29/16,10:48 PM,BLINDSPOT,60,1.704743941,0,1.176937575
649,DKN,2/29/16,10:49 PM,BLINDSPOT,60,1.733707956,0,0.813110053
650,DKN,2/29/16,10:50 PM,BLINDSPOT,60,1.749012743,0,1.124769889
651,DKN,2/29/16,10:51 PM,BLINDSPOT,60,1.77451059,0,2.157551516
652,DKN,2/29/16,10:52 PM,BLINDSPOT,60,1.763375182,0,1.241852697
653,DKN,2/29/16,10:53 PM,BLINDSPOT,60,1.794036456,0,1.628630121
654,DKN,2/29/16,10:54 PM,BLINDSPOT,60,1.802133673,0,2.677366883
655,DKN,2/29/16,10:55 PM,BLINDSPOT,60,1.781777726,1,5.02982924
656,DKN,2/29/16,10:56 PM,BLINDSPOT,60,1.734610051,1,4.832216513
657,DKN,2/29/16,10:57 PM,BLINDSPOT,60,1.705229373,1,2.53345585
658,DKN,2/29/16,10:58 PM,BLINDSPOT,60,1.790884812,1,1.815533091
659,DKN,2/29/16,10:59 PM,BLINDSPOT,60,1.879651175,1,0
660,DKN,3/7/16,10:01 PM,BLINDSPOT,59,3.414861645,0,25.70251229
661,DKN,3/7/16,10:02 PM,BLINDSPOT,59,2.60200137,0,11.27596238
662,DKN,3/7/16,10:03 PM,BLINDSPOT,59,2.353549239,0,6.97715724
663,DKN,3/7/16,10:04 PM,BLINDSPOT,59,2.231650848,0,4.90854158
664,DKN,3/7/16,10:05 PM,BLINDSPOT,59,2.171020851,0,3.690546124
665,DKN,3/7/16,10:06 PM,BLINDSPOT,59,2.138395506,0,4.697735462
666,DKN,3/7/16,10:07 PM,BLINDSPOT,59,2.07854871,0,2.859630087
667,DKN,3/7/16,10:08 PM,BLINDSPOT,59,2.060829173,1,6.266034747
668,DKN,3/7/16,10:09 PM,BLINDSPOT,59,1.96389535,1,4.071324045
669,DKN,3/7/16,10:10 PM,BLINDSPOT,59,1.918088581,1,2.508341526
670,DKN,3/7/16,10:11 PM,BLINDSPOT,59,1.913812278,1,3.270327951
671,DKN,3/7/16,10:12 PM,BLINDSPOT,59,1.912335986,0,3.587583795
672,DKN,3/7/16,10:13 PM,BLINDSPOT,59,1.883654892,0,2.131696154
673,DKN,3/7/16,10:14 PM,BLINDSPOT,59,1.895755848,0,2.762631477
674,DKN,3/7/16,10:15 PM,BLINDSPOT,59,1.881886408,0,2.395634321
675,DKN,3/7/16,10:16 PM,BLINDSPOT,59,1.861275809,1,6.94856201
676,DKN,3/7/16,10:17 PM,BLINDSPOT,59,1.747363565,1,1.935021014
677,DKN,3/7/16,10:18 PM,BLINDSPOT,59,1.748462669,1,1.973386732
678,DKN,3/7/16,10:19 PM,BLINDSPOT,59,1.793190273,1,2.841941194
679,DKN,3/7/16,10:20 PM,BLINDSPOT,59,1.815620989,0,2.307750922
680,DKN,3/7/16,10:21 PM,BLINDSPOT,59,1.806270263,0,2.181321929
681,DKN,3/7/16,10:22 PM,BLINDSPOT,59,1.805213809,0,2.297163627
682,DKN,3/7/16,10:23 PM,BLINDSPOT,59,1.788960338,0,1.734379531
683,DKN,3/7/16,10:24 PM,BLINDSPOT,59,1.78396769,0,2.07285731
684,DKN,3/7/16,10:25 PM,BLINDSPOT,59,1.772526092,0,2.506748812
685,DKN,3/7/16,10:26 PM,BLINDSPOT,59,1.757468225,0,4.351823575
686,DKN,3/7/16,10:27 PM,BLINDSPOT,59,1.69866729,1,5.936660091
687,DKN,3/7/16,10:28 PM,BLINDSPOT,59,1.613625529,1,3.211389268
688,DKN,3/7/16,10:29 PM,BLINDSPOT,59,1.582578121,0,1.880210612
689,DKN,3/7/16,10:30 PM,BLINDSPOT,59,1.592929171,0,1.314151582
690,DKN,3/7/16,10:31 PM,BLINDSPOT,59,1.65578725,0,1.411404271
691,DKN,3/7/16,10:32 PM,BLINDSPOT,59,1.661917243,0,1.293494509
692,DKN,3/7/16,10:33 PM,BLINDSPOT,59,1.692683219,0,1.106629459
693,DKN,3/7/16,10:34 PM,BLINDSPOT,59,1.708770699,0,2.391028907
694,DKN,3/7/16,10:35 PM,BLINDSPOT,59,1.704382602,0,2.261680311
695,DKN,3/7/16,10:36 PM,BLINDSPOT,59,1.703162763,1,7.020943722
696,DKN,3/7/16,10:37 PM,BLINDSPOT,59,1.604810522,1,3.469413317
697,DKN,3/7/16,10:38 PM,BLINDSPOT,59,1.577393549,1,1.802107394
698,DKN,3/7/16,10:39 PM,BLINDSPOT,59,1.590561603,1,2.087517416
699,DKN,3/7/16,10:40 PM,BLINDSPOT,59,1.611521137,0,1.654923209
700,DKN,3/7/16,10:41 PM,BLINDSPOT,59,1.642862871,0,1.088234494
701,DKN,3/7/16,10:42 PM,BLINDSPOT,59,1.687080791,0,2.364809767
702,DKN,3/7/16,10:43 PM,BLINDSPOT,59,1.678084146,0,1.314157637
703,DKN,3/7/16,10:44 PM,BLINDSPOT,59,1.691528049,0,2.483917744
704,DKN,3/7/16,10:45 PM,BLINDSPOT,59,1.669844933,0,2.267052105
705,DKN,3/7/16,10:46 PM,BLINDSPOT,59,1.648420311,1,5.396212657
706,DKN,3/7/16,10:47 PM,BLINDSPOT,59,1.591036905,1,2.858886491
707,DKN,3/7/16,10:48 PM,BLINDSPOT,59,1.585094579,1,2.51651439
708,DKN,3/7/16,10:49 PM,BLINDSPOT,59,1.579339987,1,2.132751797
709,DKN,3/7/16,10:50 PM,BLINDSPOT,59,1.648486153,0,2.291184926
710,DKN,3/7/16,10:51 PM,BLINDSPOT,59,1.648658107,0,2.128135424
711,DKN,3/7/16,10:52 PM,BLINDSPOT,59,1.646246443,0,2.7612206
712,DKN,3/7/16,10:53 PM,BLINDSPOT,59,1.631566259,0,1.406537239
713,DKN,3/7/16,10:54 PM,BLINDSPOT,59,1.657392333,0,1.525313422
714,DKN,3/7/16,10:55 PM,BLINDSPOT,59,1.651607615,0,1.58936744
715,DKN,3/7/16,10:56 PM,BLINDSPOT,59,1.676336435,0,2.022972781
716,DKN,3/7/16,10:57 PM,BLINDSPOT,59,1.684173578,0,1.338857038
717,DKN,3/7/16,10:58 PM,BLINDSPOT,59,1.742877441,0,3.328477988
718,DKN,3/7/16,10:59 PM,BLINDSPOT,59,1.765935568,0,0
719,DKN,3/14/16,10:01 PM,BLINDSPOT,59,3.227767629,0,22.80372193
720,DKN,3/14/16,10:02 PM,BLINDSPOT,59,2.594918743,0,12.06645563
721,DKN,3/14/16,10:03 PM,BLINDSPOT,59,2.362462559,0,8.038440144
722,DKN,3/14/16,10:04 PM,BLINDSPOT,59,2.236210288,0,5.934733045
723,DKN,3/14/16,10:05 PM,BLINDSPOT,59,2.159462034,0,5.831834899
724,DKN,3/14/16,10:06 PM,BLINDSPOT,59,2.089089696,1,6.883721486
725,DKN,3/14/16,10:07 PM,BLINDSPOT,59,1.989676457,1,5.590315827
726,DKN,3/14/16,10:08 PM,BLINDSPOT,59,1.957364125,1,3.830331314
727,DKN,3/14/16,10:09 PM,BLINDSPOT,59,1.922174922,1,4.389160225
728,DKN,3/14/16,10:10 PM,BLINDSPOT,59,1.89140371,0,4.627669543
729,DKN,3/14/16,10:11 PM,BLINDSPOT,59,1.893833314,0,4.029784031
730,DKN,3/14/16,10:12 PM,BLINDSPOT,59,1.889286895,0,3.731841459
731,DKN,3/14/16,10:13 PM,BLINDSPOT,59,1.879470892,0,3.328442546
732,DKN,3/14/16,10:14 PM,BLINDSPOT,59,1.872029524,0,3.443319598
733,DKN,3/14/16,10:15 PM,BLINDSPOT,59,1.847055851,0,3.094666483
734,DKN,3/14/16,10:16 PM,BLINDSPOT,59,1.810024021,0,1.521578685
735,DKN,3/14/16,10:17 PM,BLINDSPOT,59,1.827696585,0,2.195796234
736,DKN,3/14/16,10:18 PM,BLINDSPOT,59,1.806364015,0,1.723195935
737,DKN,3/14/16,10:19 PM,BLINDSPOT,59,1.812348768,0,2.034300772
738,DKN,3/14/16,10:20 PM,BLINDSPOT,59,1.812178763,0,3.166750148
739,DKN,3/14/16,10:21 PM,BLINDSPOT,59,1.789539959,1,8.767902525
740,DKN,3/14/16,10:22 PM,BLINDSPOT,59,1.657921648,1,2.523437916
741,DKN,3/14/16,10:23 PM,BLINDSPOT,59,1.664196792,1,2.248839348
742,DKN,3/14/16,10:24 PM,BLINDSPOT,59,1.675378712,1,2.333263509
743,DKN,3/14/16,10:25 PM,BLINDSPOT,59,1.704066201,0,2.155345858
744,DKN,3/14/16,10:26 PM,BLINDSPOT,59,1.713308207,0,2.498040244
745,DKN,3/14/16,10:27 PM,BLINDSPOT,59,1.706628004,0,2.029115393
746,DKN,3/14/16,10:28 PM,BLINDSPOT,59,1.70744279,0,2.471789895
747,DKN,3/14/16,10:29 PM,BLINDSPOT,59,1.705690467,0,2.224411194
748,DKN,3/14/16,10:30 PM,BLINDSPOT,59,1.702964563,0,2.197707769
749,DKN,3/14/16,10:31 PM,BLINDSPOT,59,1.691219924,1,8.241359954
750,DKN,3/14/16,10:32 PM,BLINDSPOT,59,1.573257017,1,2.344662526
751,DKN,3/14/16,10:33 PM,BLINDSPOT,59,1.570081421,0,2.238408547
752,DKN,3/14/16,10:34 PM,BLINDSPOT,59,1.580623921,0,1.670005916
753,DKN,3/14/16,10:35 PM,BLINDSPOT,59,1.615410984,0,2.427999437
754,DKN,3/14/16,10:36 PM,BLINDSPOT,59,1.626311404,0,0.550934489
755,DKN,3/14/16,10:37 PM,BLINDSPOT,59,1.644040588,0,1.280883082
756,DKN,3/14/16,10:38 PM,BLINDSPOT,59,1.660623439,0,1.400994575
757,DKN,3/14/16,10:39 PM,BLINDSPOT,59,1.667385476,0,2.25418461
758,DKN,3/14/16,10:40 PM,BLINDSPOT,59,1.659440731,0,2.251213985
759,DKN,3/14/16,10:41 PM,BLINDSPOT,59,1.631068103,0,2.450423996
760,DKN,3/14/16,10:42 PM,BLINDSPOT,59,1.617021047,1,6.431571606
761,DKN,3/14/16,10:43 PM,BLINDSPOT,59,1.539808828,1,1.612188702
762,DKN,3/14/16,10:44 PM,BLINDSPOT,59,1.55576717,1,2.926605676
763,DKN,3/14/16,10:45 PM,BLINDSPOT,59,1.572954675,1,2.004939087
764,DKN,3/14/16,10:46 PM,BLINDSPOT,59,1.586168753,0,1.325949044
765,DKN,3/14/16,10:47 PM,BLINDSPOT,59,1.619585003,0,1.368877837
766,DKN,3/14/16,10:48 PM,BLINDSPOT,59,1.645221498,0,1.070086921
767,DKN,3/14/16,10:49 PM,BLINDSPOT,59,1.658972568,0,2.58782882
768,DKN,3/14/16,10:50 PM,BLINDSPOT,59,1.637297237,1,8.024700049
769,DKN,3/14/16,10:51 PM,BLINDSPOT,59,1.540173404,1,1.811678861
770,DKN,3/14/16,10:52 PM,BLINDSPOT,59,1.544909888,1,1.884597336
771,DKN,3/14/16,10:53 PM,BLINDSPOT,59,1.573949035,1,1.533029573
772,DKN,3/14/16,10:54 PM,BLINDSPOT,59,1.619517855,0,1.135357231
773,DKN,3/14/16,10:55 PM,BLINDSPOT,59,1.665969753,0,1.092565892
774,DKN,3/14/16,10:56 PM,BLINDSPOT,59,1.686056125,0,1.226367166
775,DKN,3/14/16,10:57 PM,BLINDSPOT,59,1.720909215,0,1.030686813
776,DKN,3/14/16,10:58 PM,BLINDSPOT,59,1.787662161,0,3.023883862
777,DKN,3/14/16,10:59 PM,BLINDSPOT,59,1.875811401,0,0
778,DKN,3/21/16,10:01 PM,BLINDSPOT,59,2.789278286,0,23.31746151
779,DKN,3/21/16,10:02 PM,BLINDSPOT,59,2.190768618,0,8.877328344
780,DKN,3/21/16,10:03 PM,BLINDSPOT,59,2.061240804,0,9.167114533
781,DKN,3/21/16,10:04 PM,BLINDSPOT,59,1.905160922,0,5.868823681
782,DKN,3/21/16,10:05 PM,BLINDSPOT,59,1.824960758,0,4.569382478
783,DKN,3/21/16,10:06 PM,BLINDSPOT,59,1.759251417,0,2.78577386
784,DKN,3/21/16,10:07 PM,BLINDSPOT,59,1.738125882,0,2.915958494
785,DKN,3/21/16,10:08 PM,BLINDSPOT,59,1.727885739,0,5.84636132
786,DKN,3/21/16,10:09 PM,BLINDSPOT,59,1.640920649,1,5.521994903
787,DKN,3/21/16,10:10 PM,BLINDSPOT,59,1.586701849,1,3.371540321
788,DKN,3/21/16,10:11 PM,BLINDSPOT,59,1.584548286,1,1.92620503
789,DKN,3/21/16,10:12 PM,BLINDSPOT,59,1.592621205,1,2.988707134
790,DKN,3/21/16,10:13 PM,BLINDSPOT,59,1.600831269,0,3.053612378
791,DKN,3/21/16,10:14 PM,BLINDSPOT,59,1.581330263,0,2.164045347
792,DKN,3/21/16,10:15 PM,BLINDSPOT,59,1.56997885,0,2.23009941
793,DKN,3/21/16,10:16 PM,BLINDSPOT,59,1.560820522,0,1.410316583
794,DKN,3/21/16,10:17 PM,BLINDSPOT,59,1.564531265,0,3.069167033
795,DKN,3/21/16,10:18 PM,BLINDSPOT,59,1.540255559,0,1.742705348
796,DKN,3/21/16,10:19 PM,BLINDSPOT,59,1.538698625,0,1.944686546
797,DKN,3/21/16,10:20 PM,BLINDSPOT,59,1.524004359,1,6.972023342
798,DKN,3/21/16,10:21 PM,BLINDSPOT,59,1.440744322,1,2.02593825
799,DKN,3/21/16,10:22 PM,BLINDSPOT,59,1.449354243,1,3.153079015
800,DKN,3/21/16,10:23 PM,BLINDSPOT,59,1.444582823,1,1.584429448
801,DKN,3/21/16,10:24 PM,BLINDSPOT,59,1.464371761,0,2.725113857
802,DKN,3/21/16,10:25 PM,BLINDSPOT,59,1.464757535,0,1.550690756
803,DKN,3/21/16,10:26 PM,BLINDSPOT,59,1.472584453,0,1.65382919
804,DKN,3/21/16,10:27 PM,BLINDSPOT,59,1.47061563,0,1.531773673
805,DKN,3/21/16,10:28 PM,BLINDSPOT,59,1.495599481,0,3.960969876
806,DKN,3/21/16,10:29 PM,BLINDSPOT,59,1.449943385,1,6.343928142
807,DKN,3/21/16,10:30 PM,BLINDSPOT,59,1.361379388,1,2.670671273
808,DKN,3/21/16,10:31 PM,BLINDSPOT,59,1.358132579,0,1.786806458
809,DKN,3/21/16,10:32 PM,BLINDSPOT,59,1.393502557,0,2.260728132
810,DKN,3/21/16,10:33 PM,BLINDSPOT,59,1.411913306,0,1.331282992
811,DKN,3/21/16,10:34 PM,BLINDSPOT,59,1.428705539,0,1.794440038
812,DKN,3/21/16,10:35 PM,BLINDSPOT,59,1.421034935,0,1.322819499
813,DKN,3/21/16,10:36 PM,BLINDSPOT,59,1.41774567,0,1.433931807
814,DKN,3/21/16,10:37 PM,BLINDSPOT,59,1.427301895,0,1.787467259
815,DKN,3/21/16,10:38 PM,BLINDSPOT,59,1.429543613,0,1.033889654
816,DKN,3/21/16,10:39 PM,BLINDSPOT,59,1.431951345,1,6.461913006
817,DKN,3/21/16,10:40 PM,BLINDSPOT,59,1.352559625,1,3.227668106
818,DKN,3/21/16,10:41 PM,BLINDSPOT,59,1.344448196,1,1.59038978
819,DKN,3/21/16,10:42 PM,BLINDSPOT,59,1.363868053,1,2.24821427
820,DKN,3/21/16,10:43 PM,BLINDSPOT,59,1.373308961,0,1.610986168
821,DKN,3/21/16,10:44 PM,BLINDSPOT,59,1.394926792,0,1.799897037
822,DKN,3/21/16,10:45 PM,BLINDSPOT,59,1.398286072,0,1.208412425
823,DKN,3/21/16,10:46 PM,BLINDSPOT,59,1.401617617,0,2.315347996
824,DKN,3/21/16,10:47 PM,BLINDSPOT,59,1.388581396,1,8.270835731
825,DKN,3/21/16,10:48 PM,BLINDSPOT,59,1.281320946,1,2.317053192
826,DKN,3/21/16,10:49 PM,BLINDSPOT,59,1.283092166,1,1.673094209
827,DKN,3/21/16,10:50 PM,BLINDSPOT,59,1.302226349,1,1.244611595
828,DKN,3/21/16,10:51 PM,BLINDSPOT,59,1.337424811,0,1.101790082
829,DKN,3/21/16,10:52 PM,BLINDSPOT,59,1.350709534,0,1.883713456
830,DKN,3/21/16,10:53 PM,BLINDSPOT,59,1.358232715,0,0.95951924
831,DKN,3/21/16,10:54 PM,BLINDSPOT,59,1.37682759,0,1.209786552
832,DKN,3/21/16,10:55 PM,BLINDSPOT,59,1.405283716,0,1.684431343
833,DKN,3/21/16,10:56 PM,BLINDSPOT,59,1.426884189,0,1.784396489
834,DKN,3/21/16,10:57 PM,BLINDSPOT,59,1.450229708,0,2.391299404
835,DKN,3/21/16,10:58 PM,BLINDSPOT,59,1.508384482,1,2.840548559
836,DKN,3/21/16,10:59 PM,BLINDSPOT,59,1.590666002,1,0
837,DKN,3/28/16,10:01 PM,BLINDSPOT,59,2.862368751,0,25.99090735
838,DKN,3/28/16,10:02 PM,BLINDSPOT,59,2.145803272,0,10.73807974
839,DKN,3/28/16,10:03 PM,BLINDSPOT,59,1.93612032,0,6.778427651
840,DKN,3/28/16,10:04 PM,BLINDSPOT,59,1.845959779,0,5.925948919
841,DKN,3/28/16,10:05 PM,BLINDSPOT,59,1.769161241,0,3.03520302
842,DKN,3/28/16,10:06 PM,BLINDSPOT,59,1.748568648,0,3.868813352
843,DKN,3/28/16,10:07 PM,BLINDSPOT,59,1.700744709,0,2.583296388
844,DKN,3/28/16,10:08 PM,BLINDSPOT,59,1.668994279,0,1.649203265
845,DKN,3/28/16,10:09 PM,BLINDSPOT,59,1.676864995,1,5.56559399
846,DKN,3/28/16,10:10 PM,BLINDSPOT,59,1.630691332,1,6.141807487
847,DKN,3/28/16,10:11 PM,BLINDSPOT,59,1.573732304,1,3.222654512
848,DKN,3/28/16,10:12 PM,BLINDSPOT,59,1.556741581,1,3.741873772
849,DKN,3/28/16,10:13 PM,BLINDSPOT,59,1.555964719,0,3.087656451
850,DKN,3/28/16,10:14 PM,BLINDSPOT,59,1.544592601,0,1.91017651
851,DKN,3/28/16,10:15 PM,BLINDSPOT,59,1.554473997,0,2.270675335
852,DKN,3/28/16,10:16 PM,BLINDSPOT,59,1.543724343,0,1.903228976
853,DKN,3/28/16,10:17 PM,BLINDSPOT,59,1.533458314,0,1.638948756
854,DKN,3/28/16,10:18 PM,BLINDSPOT,59,1.562135779,0,4.312816354
855,DKN,3/28/16,10:19 PM,BLINDSPOT,59,1.501182083,1,4.426811107
856,DKN,3/28/16,10:20 PM,BLINDSPOT,59,1.47777699,1,2.671882438
857,DKN,3/28/16,10:21 PM,BLINDSPOT,59,1.495851534,1,2.533553381
858,DKN,3/28/16,10:22 PM,BLINDSPOT,59,1.500395344,1,1.476785265
859,DKN,3/28/16,10:23 PM,BLINDSPOT,59,1.524548129,0,1.442380381
860,DKN,3/28/16,10:24 PM,BLINDSPOT,59,1.525982608,0,2.216605303
861,DKN,3/28/16,10:25 PM,BLINDSPOT,59,1.518552081,0,1.436678024
862,DKN,3/28/16,10:26 PM,BLINDSPOT,59,1.512628044,0,1.400734864
863,DKN,3/28/16,10:27 PM,BLINDSPOT,59,1.519002962,0,2.365842463
864,DKN,3/28/16,10:28 PM,BLINDSPOT,59,1.504274164,0,1.491378889
865,DKN,3/28/16,10:29 PM,BLINDSPOT,59,1.494496497,0,1.226699287
866,DKN,3/28/16,10:30 PM,BLINDSPOT,59,1.503704742,0,1.037872996
867,DKN,3/28/16,10:31 PM,BLINDSPOT,59,1.526008299,0,2.194514198
868,DKN,3/28/16,10:32 PM,BLINDSPOT,59,1.511757874,0,0.800745726
869,DKN,3/28/16,10:33 PM,BLINDSPOT,59,1.51313497,1,4.233494549
870,DKN,3/28/16,10:34 PM,BLINDSPOT,59,1.464167229,1,3.825781978
871,DKN,3/28/16,10:35 PM,BLINDSPOT,59,1.420579071,0,2.466439998
872,DKN,3/28/16,10:36 PM,BLINDSPOT,59,1.417699866,0,1.393406646
873,DKN,3/28/16,10:37 PM,BLINDSPOT,59,1.43339216,0,1.726064561
874,DKN,3/28/16,10:38 PM,BLINDSPOT,59,1.451813465,0,1.23771665
875,DKN,3/28/16,10:39 PM,BLINDSPOT,59,1.467564236,0,1.760665584
876,DKN,3/28/16,10:40 PM,BLINDSPOT,59,1.458483389,0,1.6838636
877,DKN,3/28/16,10:41 PM,BLINDSPOT,59,1.45185736,0,2.39682694
878,DKN,3/28/16,10:42 PM,BLINDSPOT,59,1.43103899,1,5.858388917
879,DKN,3/28/16,10:43 PM,BLINDSPOT,59,1.373039081,1,2.49097467
880,DKN,3/28/16,10:44 PM,BLINDSPOT,59,1.372628847,1,2.984246553
881,DKN,3/28/16,10:45 PM,BLINDSPOT,59,1.37094001,1,2.089390806
882,DKN,3/28/16,10:46 PM,BLINDSPOT,59,1.376340732,0,1.973539848
883,DKN,3/28/16,10:47 PM,BLINDSPOT,59,1.391555028,0,1.228265845
884,DKN,3/28/16,10:48 PM,BLINDSPOT,59,1.412543415,0,1.755975802
885,DKN,3/28/16,10:49 PM,BLINDSPOT,59,1.416236719,0,1.648772573
886,DKN,3/28/16,10:50 PM,BLINDSPOT,59,1.406570514,0,3.656109209
887,DKN,3/28/16,10:51 PM,BLINDSPOT,59,1.383865025,1,4.46244836
888,DKN,3/28/16,10:52 PM,BLINDSPOT,59,1.349387877,1,2.359857786
889,DKN,3/28/16,10:53 PM,BLINDSPOT,59,1.353509224,1,1.115563494
890,DKN,3/28/16,10:54 PM,BLINDSPOT,59,1.384886601,0,2.114784542
891,DKN,3/28/16,10:55 PM,BLINDSPOT,59,1.406867231,0,1.317625008
892,DKN,3/28/16,10:56 PM,BLINDSPOT,59,1.4133841,0,2.05097267
893,DKN,3/28/16,10:57 PM,BLINDSPOT,59,1.422862075,0,1.331032357
894,DKN,3/28/16,10:58 PM,BLINDSPOT,59,1.490300936,1,2.005337843
895,DKN,3/28/16,10:59 PM,BLINDSPOT,59,1.59322111,1,0
896,DKN,4/4/16,10:01 PM,BLINDSPOT,59,2.405572002,1,17.0892276
897,DKN,4/4/16,10:02 PM,BLINDSPOT,59,2.072115598,0,11.0511237
898,DKN,4/4/16,10:03 PM,BLINDSPOT,59,1.881902255,0,5.924573412
899,DKN,4/4/16,10:04 PM,BLINDSPOT,59,1.803178104,0,6.079845254
900,DKN,4/4/16,10:05 PM,BLINDSPOT,59,1.718965811,0,4.58040135
901,DKN,4/4/16,10:06 PM,BLINDSPOT,59,1.675127225,0,3.824566442
902,DKN,4/4/16,10:07 PM,BLINDSPOT,59,1.637135045,0,2.412585612
903,DKN,4/4/16,10:08 PM,BLINDSPOT,59,1.634249859,0,2.843327026
904,DKN,4/4/16,10:09 PM,BLINDSPOT,59,1.611254899,1,8.068164634
905,DKN,4/4/16,10:10 PM,BLINDSPOT,59,1.504327572,1,2.396379528
906,DKN,4/4/16,10:11 PM,BLINDSPOT,59,1.508230694,1,2.747835314
907,DKN,4/4/16,10:12 PM,BLINDSPOT,59,1.502407134,1,3.041660144
908,DKN,4/4/16,10:13 PM,BLINDSPOT,59,1.486516703,1,2.483425952
909,DKN,4/4/16,10:14 PM,BLINDSPOT,59,1.495458183,0,3.166795644
910,DKN,4/4/16,10:15 PM,BLINDSPOT,59,1.482578135,0,2.579014513
911,DKN,4/4/16,10:16 PM,BLINDSPOT,59,1.457713225,0,2.079531401
912,DKN,4/4/16,10:17 PM,BLINDSPOT,59,1.465072941,0,2.114808313
913,DKN,4/4/16,10:18 PM,BLINDSPOT,59,1.456486531,1,3.977893968
914,DKN,4/4/16,10:19 PM,BLINDSPOT,59,1.401527112,1,3.160428011
915,DKN,4/4/16,10:20 PM,BLINDSPOT,59,1.382487694,1,2.596678092
916,DKN,4/4/16,10:21 PM,BLINDSPOT,59,1.380032223,1,2.467499411
917,DKN,4/4/16,10:22 PM,BLINDSPOT,59,1.39126975,1,2.654510522
918,DKN,4/4/16,10:23 PM,BLINDSPOT,59,1.40687726,0,1.476614266
919,DKN,4/4/16,10:24 PM,BLINDSPOT,59,1.420949052,0,1.666948046
920,DKN,4/4/16,10:25 PM,BLINDSPOT,59,1.418772918,0,1.585671216
921,DKN,4/4/16,10:26 PM,BLINDSPOT,59,1.424426521,0,2.249737095
922,DKN,4/4/16,10:27 PM,BLINDSPOT,59,1.406483401,0,0.752166279
923,DKN,4/4/16,10:28 PM,BLINDSPOT,59,1.424912583,0,1.352244648
924,DKN,4/4/16,10:29 PM,BLINDSPOT,59,1.426916245,1,8.091517802
925,DKN,4/4/16,10:30 PM,BLINDSPOT,59,1.318398845,1,3.007367087
926,DKN,4/4/16,10:31 PM,BLINDSPOT,59,1.315622286,0,2.607504665
927,DKN,4/4/16,10:32 PM,BLINDSPOT,59,1.327104413,0,3.171498752
928,DKN,4/4/16,10:33 PM,BLINDSPOT,59,1.32828883,0,1.296770966
929,DKN,4/4/16,10:34 PM,BLINDSPOT,59,1.368483077,0,1.754725259
930,DKN,4/4/16,10:35 PM,BLINDSPOT,59,1.375956375,0,2.462822741
931,DKN,4/4/16,10:36 PM,BLINDSPOT,59,1.354559795,0,0.818707385
932,DKN,4/4/16,10:37 PM,BLINDSPOT,59,1.368077224,0,1.095676184
933,DKN,4/4/16,10:38 PM,BLINDSPOT,59,1.367648138,1,8.552381404
934,DKN,4/4/16,10:39 PM,BLINDSPOT,59,1.250843992,1,2.705013676
935,DKN,4/4/16,10:40 PM,BLINDSPOT,59,1.259253131,1,2.435243605
936,DKN,4/4/16,10:41 PM,BLINDSPOT,59,1.26257071,1,2.236233804
937,DKN,4/4/16,10:42 PM,BLINDSPOT,59,1.282904512,1,1.866462806
938,DKN,4/4/16,10:43 PM,BLINDSPOT,59,1.314466073,0,1.282853949
939,DKN,4/4/16,10:44 PM,BLINDSPOT,59,1.320805816,0,1.969843316
940,DKN,4/4/16,10:45 PM,BLINDSPOT,59,1.330317514,0,1.544837623
941,DKN,4/4/16,10:46 PM,BLINDSPOT,59,1.350888916,1,7.396736483
942,DKN,4/4/16,10:47 PM,BLINDSPOT,59,1.258551887,1,3.650918594
943,DKN,4/4/16,10:48 PM,BLINDSPOT,59,1.239913654,1,3.030622127
944,DKN,4/4/16,10:49 PM,BLINDSPOT,59,1.230830301,1,1.445850539
945,DKN,4/4/16,10:50 PM,BLINDSPOT,59,1.268945098,0,1.616315872
946,DKN,4/4/16,10:51 PM,BLINDSPOT,59,1.279096731,0,1.535102161
947,DKN,4/4/16,10:52 PM,BLINDSPOT,59,1.280936794,0,1.604664813
948,DKN,4/4/16,10:53 PM,BLINDSPOT,59,1.292959736,0,1.175219771
949,DKN,4/4/16,10:54 PM,BLINDSPOT,59,1.301065007,0,0.660373593
950,DKN,4/4/16,10:55 PM,BLINDSPOT,59,1.316933252,0,1.413403126
951,DKN,4/4/16,10:56 PM,BLINDSPOT,59,1.32591024,0,1.893541695
952,DKN,4/4/16,10:57 PM,BLINDSPOT,59,1.342083106,0,1.641369033
953,DKN,4/4/16,10:58 PM,BLINDSPOT,59,1.390838221,0,3.573965304
954,DKN,4/4/16,10:59 PM,BLINDSPOT,59,1.419572626,0,0
955,DKN,4/11/16,10:01 PM,BLINDSPOT,59,2.811451444,0,21.58587529
956,DKN,4/11/16,10:02 PM,BLINDSPOT,59,2.310123147,0,9.389633977
957,DKN,4/11/16,10:03 PM,BLINDSPOT,59,2.200289796,0,8.4325622
958,DKN,4/11/16,10:04 PM,BLINDSPOT,59,2.064319287,0,3.907025947
959,DKN,4/11/16,10:05 PM,BLINDSPOT,59,2.04202817,0,4.821362415
960,DKN,4/11/16,10:06 PM,BLINDSPOT,59,2.003462463,0,5.866717543
961,DKN,4/11/16,10:07 PM,BLINDSPOT,59,1.924865725,0,3.916093874
962,DKN,4/11/16,10:08 PM,BLINDSPOT,59,1.889966319,0,4.026455752
963,DKN,4/11/16,10:09 PM,BLINDSPOT,59,1.841385792,1,6.928476885
964,DKN,4/11/16,10:10 PM,BLINDSPOT,59,1.746670167,1,3.60372881
965,DKN,4/11/16,10:11 PM,BLINDSPOT,59,1.722081277,1,2.69205001
966,DKN,4/11/16,10:12 PM,BLINDSPOT,59,1.724383392,1,3.300975221
967,DKN,4/11/16,10:13 PM,BLINDSPOT,59,1.717485246,0,4.316904357
968,DKN,4/11/16,10:14 PM,BLINDSPOT,59,1.695626834,0,4.477671468
969,DKN,4/11/16,10:15 PM,BLINDSPOT,59,1.658805278,0,2.740464724
970,DKN,4/11/16,10:16 PM,BLINDSPOT,59,1.672284302,0,2.566887197
971,DKN,4/11/16,10:17 PM,BLINDSPOT,59,1.675581889,0,3.102051698
972,DKN,4/11/16,10:18 PM,BLINDSPOT,59,1.65584489,0,2.131256543
973,DKN,4/11/16,10:19 PM,BLINDSPOT,59,1.642103011,1,6.69207089
974,DKN,4/11/16,10:20 PM,BLINDSPOT,59,1.562329586,1,4.374374467
975,DKN,4/11/16,10:21 PM,BLINDSPOT,59,1.536589417,1,3.514718351
976,DKN,4/11/16,10:22 PM,BLINDSPOT,59,1.522945992,1,2.592546228
977,DKN,4/11/16,10:23 PM,BLINDSPOT,59,1.51402126,1,1.824984254
978,DKN,4/11/16,10:24 PM,BLINDSPOT,59,1.534657695,0,2.217460776
979,DKN,4/11/16,10:25 PM,BLINDSPOT,59,1.534084802,0,2.594061145
980,DKN,4/11/16,10:26 PM,BLINDSPOT,59,1.535201414,0,1.913463913
981,DKN,4/11/16,10:27 PM,BLINDSPOT,59,1.523523154,0,2.045827184
982,DKN,4/11/16,10:28 PM,BLINDSPOT,59,1.515866645,1,7.888703572
983,DKN,4/11/16,10:29 PM,BLINDSPOT,59,1.416684521,1,4.404639671
984,DKN,4/11/16,10:30 PM,BLINDSPOT,59,1.3994679,0,2.484560631
985,DKN,4/11/16,10:31 PM,BLINDSPOT,59,1.415229601,0,1.727992549
986,DKN,4/11/16,10:32 PM,BLINDSPOT,59,1.478300823,0,2.994621422
987,DKN,4/11/16,10:33 PM,BLINDSPOT,59,1.500337899,0,2.916427855
988,DKN,4/11/16,10:34 PM,BLINDSPOT,59,1.511519715,0,2.219365159
989,DKN,4/11/16,10:35 PM,BLINDSPOT,59,1.522370069,0,2.861120206
990,DKN,4/11/16,10:36 PM,BLINDSPOT,59,1.515883721,0,2.116448979
991,DKN,4/11/16,10:37 PM,BLINDSPOT,59,1.50489345,0,5.650018514
992,DKN,4/11/16,10:38 PM,BLINDSPOT,59,1.433092633,1,5.179141681
993,DKN,4/11/16,10:39 PM,BLINDSPOT,59,1.392831774,1,1.754060759
994,DKN,4/11/16,10:40 PM,BLINDSPOT,59,1.397241468,1,3.353547856
995,DKN,4/11/16,10:41 PM,BLINDSPOT,59,1.390716699,1,1.026265965
996,DKN,4/11/16,10:42 PM,BLINDSPOT,59,1.454577294,0,0.90036971
997,DKN,4/11/16,10:43 PM,BLINDSPOT,59,1.467799735,0,2.025997187
998,DKN,4/11/16,10:44 PM,BLINDSPOT,59,1.474393216,0,1.379539969
999,DKN,4/11/16,10:45 PM,BLINDSPOT,59,1.487040023,0,1.154448783
1000,DKN,4/11/16,10:46 PM,BLINDSPOT,59,1.499509043,0,1.033848867
1001,DKN,4/11/16,10:47 PM,BLINDSPOT,59,1.496945421,0,3.682961049
1002,DKN,4/11/16,10:48 PM,BLINDSPOT,59,1.471639218,1,7.282361845
1003,DKN,4/11/16,10:49 PM,BLINDSPOT,59,1.388716756,1,2.145875173
1004,DKN,4/11/16,10:50 PM,BLINDSPOT,59,1.409028825,1,1.998664634
1005,DKN,4/11/16,10:51 PM,BLINDSPOT,59,1.435244104,0,0.988176311
1006,DKN,4/11/16,10:52 PM,BLINDSPOT,59,1.486907461,0,1.689426052
1007,DKN,4/11/16,10:53 PM,BLINDSPOT,59,1.492760415,0,2.469972345
1008,DKN,4/11/16,10:54 PM,BLINDSPOT,59,1.491731844,0,2.381060984
1009,DKN,4/11/16,10:55 PM,BLINDSPOT,59,1.472714103,0,1.864207482
1010,DKN,4/11/16,10:56 PM,BLINDSPOT,59,1.496912903,0,0.91740562
1011,DKN,4/11/16,10:57 PM,BLINDSPOT,59,1.537205314,0,1.579880509
1012,DKN,4/11/16,10:58 PM,BLINDSPOT,59,1.569318471,0,2.242366417
1013,DKN,4/11/16,10:59 PM,BLINDSPOT,59,1.657632104,0,0
1014,DKN,4/18/16,10:01 PM,BLINDSPOT,59,2.87591058,0,23.57455819
1015,DKN,4/18/16,10:02 PM,BLINDSPOT,59,2.34263779,0,10.8823156
1016,DKN,4/18/16,10:03 PM,BLINDSPOT,59,2.17935092,0,8.125173689
1017,DKN,4/18/16,10:04 PM,BLINDSPOT,59,2.060711832,0,7.303907168
1018,DKN,4/18/16,10:05 PM,BLINDSPOT,59,1.972934855,0,4.702635897
1019,DKN,4/18/16,10:06 PM,BLINDSPOT,59,1.931222057,0,2.396549648
1020,DKN,4/18/16,10:07 PM,BLINDSPOT,59,1.917685544,0,2.48946733
1021,DKN,4/18/16,10:08 PM,BLINDSPOT,59,1.928014914,1,6.767978525
1022,DKN,4/18/16,10:09 PM,BLINDSPOT,59,1.83646217,1,6.402781336
1023,DKN,4/18/16,10:10 PM,BLINDSPOT,59,1.760325927,1,3.497095784
1024,DKN,4/18/16,10:11 PM,BLINDSPOT,59,1.766478807,1,4.421071098
1025,DKN,4/18/16,10:12 PM,BLINDSPOT,59,1.752725159,1,4.12325969
1026,DKN,4/18/16,10:13 PM,BLINDSPOT,59,1.724711852,0,3.046902175
1027,DKN,4/18/16,10:14 PM,BLINDSPOT,59,1.718734113,0,3.420401834
1028,DKN,4/18/16,10:15 PM,BLINDSPOT,59,1.710923044,0,3.133515557
1029,DKN,4/18/16,10:16 PM,BLINDSPOT,59,1.688599227,0,1.927412084
1030,DKN,4/18/16,10:17 PM,BLINDSPOT,59,1.688847839,0,1.883641448
1031,DKN,4/18/16,10:18 PM,BLINDSPOT,59,1.678537648,0,2.529211619
1032,DKN,4/18/16,10:19 PM,BLINDSPOT,59,1.673321032,0,3.131272759
1033,DKN,4/18/16,10:20 PM,BLINDSPOT,59,1.664482564,0,3.672565671
1034,DKN,4/18/16,10:21 PM,BLINDSPOT,59,1.662508606,1,5.241116062
1035,DKN,4/18/16,10:22 PM,BLINDSPOT,59,1.596632102,1,2.892543527
1036,DKN,4/18/16,10:23 PM,BLINDSPOT,59,1.602314256,1,2.211774153
1037,DKN,4/18/16,10:24 PM,BLINDSPOT,59,1.618188459,1,1.681119856
1038,DKN,4/18/16,10:25 PM,BLINDSPOT,59,1.618457524,0,1.25303689
1039,DKN,4/18/16,10:26 PM,BLINDSPOT,59,1.628323178,0,1.823872643
1040,DKN,4/18/16,10:27 PM,BLINDSPOT,59,1.620250536,0,1.313324501
1041,DKN,4/18/16,10:28 PM,BLINDSPOT,59,1.62941607,1,7.596872222
1042,DKN,4/18/16,10:29 PM,BLINDSPOT,59,1.52557652,1,6.408598758
1043,DKN,4/18/16,10:30 PM,BLINDSPOT,59,1.471211804,0,3.021637108
1044,DKN,4/18/16,10:31 PM,BLINDSPOT,59,1.469023768,0,2.267396453
1045,DKN,4/18/16,10:32 PM,BLINDSPOT,59,1.499132696,0,2.734983038
1046,DKN,4/18/16,10:33 PM,BLINDSPOT,59,1.520217785,0,2.764823965
1047,DKN,4/18/16,10:34 PM,BLINDSPOT,59,1.516040943,0,1.147565675
1048,DKN,4/18/16,10:35 PM,BLINDSPOT,59,1.517659079,0,1.884315742
1049,DKN,4/18/16,10:36 PM,BLINDSPOT,59,1.509589676,0,2.253555643
1050,DKN,4/18/16,10:37 PM,BLINDSPOT,59,1.489199151,0,1.515421057
1051,DKN,4/18/16,10:38 PM,BLINDSPOT,59,1.505433485,0,1.698656915
1052,DKN,4/18/16,10:39 PM,BLINDSPOT,59,1.494967152,0,1.856404783
1053,DKN,4/18/16,10:40 PM,BLINDSPOT,59,1.487202139,0,3.551995257
1054,DKN,4/18/16,10:41 PM,BLINDSPOT,59,1.462808928,1,6.217595093
1055,DKN,4/18/16,10:42 PM,BLINDSPOT,59,1.405710883,1,2.460789209
1056,DKN,4/18/16,10:43 PM,BLINDSPOT,59,1.404266008,1,2.474234431
1057,DKN,4/18/16,10:44 PM,BLINDSPOT,59,1.416707866,1,1.490641604
1058,DKN,4/18/16,10:45 PM,BLINDSPOT,59,1.470790554,0,2.372796741
1059,DKN,4/18/16,10:46 PM,BLINDSPOT,59,1.458581025,0,1.079703139
1060,DKN,4/18/16,10:47 PM,BLINDSPOT,59,1.474831331,0,1.114140216
1061,DKN,4/18/16,10:48 PM,BLINDSPOT,59,1.476397446,0,1.43434187
1062,DKN,4/18/16,10:49 PM,BLINDSPOT,59,1.48620872,0,1.571323639
1063,DKN,4/18/16,10:50 PM,BLINDSPOT,59,1.491492962,1,9.307438736
1064,DKN,4/18/16,10:51 PM,BLINDSPOT,59,1.393312656,1,1.984231214
1065,DKN,4/18/16,10:52 PM,BLINDSPOT,59,1.405814802,1,2.005102856
1066,DKN,4/18/16,10:53 PM,BLINDSPOT,59,1.445429593,0,2.118402309
1067,DKN,4/18/16,10:54 PM,BLINDSPOT,59,1.468925315,0,0.902979968
1068,DKN,4/18/16,10:55 PM,BLINDSPOT,59,1.482869778,0,1.491574009
1069,DKN,4/18/16,10:56 PM,BLINDSPOT,59,1.501039031,0,1.367731281
1070,DKN,4/18/16,10:57 PM,BLINDSPOT,59,1.55883803,0,1.341898503
1071,DKN,4/18/16,10:58 PM,BLINDSPOT,59,1.625530723,1,1.569119956
1072,DKN,4/18/16,10:59 PM,BLINDSPOT,59,1.73051726,1,0
1073,DKN,4/25/16,10:01 PM,BLINDSPOT,59,2.335318286,0,20.50070141
1074,DKN,4/25/16,10:02 PM,BLINDSPOT,59,1.907841111,0,9.432018067
1075,DKN,4/25/16,10:03 PM,BLINDSPOT,59,1.754879051,0,4.34790824
1076,DKN,4/25/16,10:04 PM,BLINDSPOT,59,1.72145283,0,3.845022631
1077,DKN,4/25/16,10:05 PM,BLINDSPOT,59,1.694438448,0,2.747254109
1078,DKN,4/25/16,10:06 PM,BLINDSPOT,59,1.702507778,1,4.499156115
1079,DKN,4/25/16,10:07 PM,BLINDSPOT,59,1.626868763,1,3.380043711
1080,DKN,4/25/16,10:08 PM,BLINDSPOT,59,1.600086028,1,2.656386238
1081,DKN,4/25/16,10:09 PM,BLINDSPOT,59,1.623447623,1,3.616854506
1082,DKN,4/25/16,10:10 PM,BLINDSPOT,59,1.600658575,1,2.033877602
1083,DKN,4/25/16,10:11 PM,BLINDSPOT,59,1.616786863,0,3.105917391
1084,DKN,4/25/16,10:12 PM,BLINDSPOT,59,1.605678271,0,2.113992975
1085,DKN,4/25/16,10:13 PM,BLINDSPOT,59,1.598202389,0,2.776192547
1086,DKN,4/25/16,10:14 PM,BLINDSPOT,59,1.586659091,1,6.061312397
1087,DKN,4/25/16,10:15 PM,BLINDSPOT,59,1.517621638,1,4.652519311
1088,DKN,4/25/16,10:16 PM,BLINDSPOT,59,1.468956471,1,3.882056306
1089,DKN,4/25/16,10:17 PM,BLINDSPOT,59,1.444886063,1,2.653600727
1090,DKN,4/25/16,10:18 PM,BLINDSPOT,59,1.465494254,1,3.233244331
1091,DKN,4/25/16,10:19 PM,BLINDSPOT,59,1.452228447,0,2.873919171
1092,DKN,4/25/16,10:20 PM,BLINDSPOT,59,1.448896145,0,1.859680883
1093,DKN,4/25/16,10:21 PM,BLINDSPOT,59,1.450630802,0,1.275601437
1094,DKN,4/25/16,10:22 PM,BLINDSPOT,59,1.473224927,0,2.462272624
1095,DKN,4/25/16,10:23 PM,BLINDSPOT,59,1.456905151,0,2.657847453
1096,DKN,4/25/16,10:24 PM,BLINDSPOT,59,1.427866609,0,5.512719185
1097,DKN,4/25/16,10:25 PM,BLINDSPOT,59,1.357261338,1,4.261260168
1098,DKN,4/25/16,10:26 PM,BLINDSPOT,59,1.305497816,1,2.795928758
1099,DKN,4/25/16,10:27 PM,BLINDSPOT,59,1.30164166,0,2.516151878
1100,DKN,4/25/16,10:28 PM,BLINDSPOT,59,1.298481399,0,1.492597845
1101,DKN,4/25/16,10:29 PM,BLINDSPOT,59,1.340732764,0,2.435652457
1102,DKN,4/25/16,10:30 PM,BLINDSPOT,59,1.342242419,0,1.313531509
1103,DKN,4/25/16,10:31 PM,BLINDSPOT,59,1.351465073,0,1.597242392
1104,DKN,4/25/16,10:32 PM,BLINDSPOT,59,1.370501153,0,1.92318774
1105,DKN,4/25/16,10:33 PM,BLINDSPOT,59,1.367509871,0,1.243951517
1106,DKN,4/25/16,10:34 PM,BLINDSPOT,59,1.374327171,0,0.958236836
1107,DKN,4/25/16,10:35 PM,BLINDSPOT,59,1.392197219,0,1.765368407
1108,DKN,4/25/16,10:36 PM,BLINDSPOT,59,1.391595104,1,8.040245027
1109,DKN,4/25/16,10:37 PM,BLINDSPOT,59,1.282541087,1,3.412989508
1110,DKN,4/25/16,10:38 PM,BLINDSPOT,59,1.283514383,1,2.541341681
1111,DKN,4/25/16,10:39 PM,BLINDSPOT,59,1.281535248,1,1.558289934
1112,DKN,4/25/16,10:40 PM,BLINDSPOT,59,1.313244452,0,1.658259145
1113,DKN,4/25/16,10:41 PM,BLINDSPOT,59,1.314609325,0,1.066958775
1114,DKN,4/25/16,10:42 PM,BLINDSPOT,59,1.329809353,0,0.594021516
1115,DKN,4/25/16,10:43 PM,BLINDSPOT,59,1.349953248,0,0.612519348
1116,DKN,4/25/16,10:44 PM,BLINDSPOT,59,1.36116565,0,1.44620127
1117,DKN,4/25/16,10:45 PM,BLINDSPOT,59,1.362381539,1,8.137725057
1118,DKN,4/25/16,10:46 PM,BLINDSPOT,59,1.261540553,1,2.068286899
1119,DKN,4/25/16,10:47 PM,BLINDSPOT,59,1.268152726,1,1.693176957
1120,DKN,4/25/16,10:48 PM,BLINDSPOT,59,1.297984354,0,1.53643567
1121,DKN,4/25/16,10:49 PM,BLINDSPOT,59,1.314076822,0,0.977035376
1122,DKN,4/25/16,10:50 PM,BLINDSPOT,59,1.323514922,0,1.902405028
1123,DKN,4/25/16,10:51 PM,BLINDSPOT,59,1.321702717,0,2.630337834
1124,DKN,4/25/16,10:52 PM,BLINDSPOT,59,1.316036569,0,1.873468048
1125,DKN,4/25/16,10:53 PM,BLINDSPOT,59,1.316184731,0,1.89288484
1126,DKN,4/25/16,10:54 PM,BLINDSPOT,59,1.320723931,0,2.081474507
1127,DKN,4/25/16,10:55 PM,BLINDSPOT,59,1.31050992,0,1.270297004
1128,DKN,4/25/16,10:56 PM,BLINDSPOT,59,1.335521585,0,1.176485901
1129,DKN,4/25/16,10:57 PM,BLINDSPOT,59,1.382587275,0,1.03094463
1130,DKN,4/25/16,10:58 PM,BLINDSPOT,59,1.43505818,1,2.371672048
1131,DKN,4/25/16,10:59 PM,BLINDSPOT,59,1.484213804,1,0
1132,DKN,5/2/16,10:01 PM,BLINDSPOT,59,2.593268315,0,24.79261462
1133,DKN,5/2/16,10:02 PM,BLINDSPOT,59,2.03484263,0,10.17309173
1134,DKN,5/2/16,10:03 PM,BLINDSPOT,59,1.924378675,0,6.311175661
1135,DKN,5/2/16,10:04 PM,BLINDSPOT,59,1.847007964,0,5.006848169
1136,DKN,5/2/16,10:05 PM,BLINDSPOT,59,1.801942338,0,4.838233408
1137,DKN,5/2/16,10:06 PM,BLINDSPOT,59,1.75437909,0,3.117869464
1138,DKN,5/2/16,10:07 PM,BLINDSPOT,59,1.756693342,0,3.954359435
1139,DKN,5/2/16,10:08 PM,BLINDSPOT,59,1.721922253,0,4.183964998
1140,DKN,5/2/16,10:09 PM,BLINDSPOT,59,1.66887059,1,3.886943803
1141,DKN,5/2/16,10:10 PM,BLINDSPOT,59,1.62966896,1,2.94700105
1142,DKN,5/2/16,10:11 PM,BLINDSPOT,59,1.630021482,1,3.305700478
1143,DKN,5/2/16,10:12 PM,BLINDSPOT,59,1.621156868,1,3.929974372
1144,DKN,5/2/16,10:13 PM,BLINDSPOT,59,1.600477476,0,1.935451264
1145,DKN,5/2/16,10:14 PM,BLINDSPOT,59,1.602395962,0,1.697619648
1146,DKN,5/2/16,10:15 PM,BLINDSPOT,59,1.616486695,0,3.377634103
1147,DKN,5/2/16,10:16 PM,BLINDSPOT,59,1.59218475,0,2.340220981
1148,DKN,5/2/16,10:17 PM,BLINDSPOT,59,1.57498779,0,2.272082451
1149,DKN,5/2/16,10:18 PM,BLINDSPOT,59,1.557732162,1,5.207179281
1150,DKN,5/2/16,10:19 PM,BLINDSPOT,59,1.485741111,1,4.365710448
1151,DKN,5/2/16,10:20 PM,BLINDSPOT,59,1.463127133,1,1.899622236
1152,DKN,5/2/16,10:21 PM,BLINDSPOT,59,1.477380008,1,2.0986376
1153,DKN,5/2/16,10:22 PM,BLINDSPOT,59,1.493985774,1,3.271468983
1154,DKN,5/2/16,10:23 PM,BLINDSPOT,59,1.473131767,0,2.438792338
1155,DKN,5/2/16,10:24 PM,BLINDSPOT,59,1.480847257,0,2.24653176
1156,DKN,5/2/16,10:25 PM,BLINDSPOT,59,1.479004827,0,2.77119751
1157,DKN,5/2/16,10:26 PM,BLINDSPOT,59,1.463697609,0,1.784489654
1158,DKN,5/2/16,10:27 PM,BLINDSPOT,59,1.453427206,0,1.90675339
1159,DKN,5/2/16,10:28 PM,BLINDSPOT,59,1.450739124,0,2.261867841
1160,DKN,5/2/16,10:29 PM,BLINDSPOT,59,1.430372335,1,6.153830146
1161,DKN,5/2/16,10:30 PM,BLINDSPOT,59,1.374327007,1,3.383162207
1162,DKN,5/2/16,10:31 PM,BLINDSPOT,59,1.376299006,0,3.738980006
1163,DKN,5/2/16,10:32 PM,BLINDSPOT,59,1.363210054,0,1.354951981
1164,DKN,5/2/16,10:33 PM,BLINDSPOT,59,1.40797965,0,1.689984769
1165,DKN,5/2/16,10:34 PM,BLINDSPOT,59,1.413039201,0,1.650595732
1166,DKN,5/2/16,10:35 PM,BLINDSPOT,59,1.423405666,0,1.6113402
1167,DKN,5/2/16,10:36 PM,BLINDSPOT,59,1.433352026,0,1.926342968
1168,DKN,5/2/16,10:37 PM,BLINDSPOT,59,1.426021001,0,3.169971297
1169,DKN,5/2/16,10:38 PM,BLINDSPOT,59,1.39106838,1,5.255683795
1170,DKN,5/2/16,10:39 PM,BLINDSPOT,59,1.34303456,1,1.949721016
1171,DKN,5/2/16,10:40 PM,BLINDSPOT,59,1.340990491,1,2.169609487
1172,DKN,5/2/16,10:41 PM,BLINDSPOT,59,1.350514357,1,2.488744147
1173,DKN,5/2/16,10:42 PM,BLINDSPOT,59,1.353577549,0,1.353692635
1174,DKN,5/2/16,10:43 PM,BLINDSPOT,59,1.370637703,0,1.55001413
1175,DKN,5/2/16,10:44 PM,BLINDSPOT,59,1.38655258,0,1.985724453
1176,DKN,5/2/16,10:45 PM,BLINDSPOT,59,1.376810573,0,1.19164727
1177,DKN,5/2/16,10:46 PM,BLINDSPOT,59,1.39169377,0,3.714695521
1178,DKN,5/2/16,10:47 PM,BLINDSPOT,59,1.352957655,1,5.189611256
1179,DKN,5/2/16,10:48 PM,BLINDSPOT,59,1.297215626,1,1.696782563
1180,DKN,5/2/16,10:49 PM,BLINDSPOT,59,1.327193868,1,1.646043759
1181,DKN,5/2/16,10:50 PM,BLINDSPOT,59,1.356106408,0,0.973114097
1182,DKN,5/2/16,10:51 PM,BLINDSPOT,59,1.387113678,0,1.402026065
1183,DKN,5/2/16,10:52 PM,BLINDSPOT,59,1.39481707,0,1.897415802
1184,DKN,5/2/16,10:53 PM,BLINDSPOT,59,1.399018784,0,2.04504487
1185,DKN,5/2/16,10:54 PM,BLINDSPOT,59,1.39977383,0,1.5087614
1186,DKN,5/2/16,10:55 PM,BLINDSPOT,59,1.413901981,0,1.460367876
1187,DKN,5/2/16,10:56 PM,BLINDSPOT,59,1.423955408,0,1.690026973
1188,DKN,5/2/16,10:57 PM,BLINDSPOT,59,1.464340318,0,1.653877877
1189,DKN,5/2/16,10:58 PM,BLINDSPOT,59,1.538265928,1,2.164703654
1190,DKN,5/2/16,10:59 PM,BLINDSPOT,59,1.621448622,1,0
1191,DKN,5/9/16,10:01 PM,BLINDSPOT,59,2.681112229,0,25.30385959
1192,DKN,5/9/16,10:02 PM,BLINDSPOT,59,2.140690481,0,11.29518685
1193,DKN,5/9/16,10:03 PM,BLINDSPOT,59,1.978417001,0,9.060113013
1194,DKN,5/9/16,10:04 PM,BLINDSPOT,59,1.842541108,0,5.997040535
1195,DKN,5/9/16,10:05 PM,BLINDSPOT,59,1.786760401,0,3.579919794
1196,DKN,5/9/16,10:06 PM,BLINDSPOT,59,1.7630732,0,3.336829833
1197,DKN,5/9/16,10:07 PM,BLINDSPOT,59,1.743700204,1,10.25770785
1198,DKN,5/9/16,10:08 PM,BLINDSPOT,59,1.612730743,1,3.987348863
1199,DKN,5/9/16,10:09 PM,BLINDSPOT,59,1.605271801,1,2.888697173
1200,DKN,5/9/16,10:10 PM,BLINDSPOT,59,1.624155959,1,3.648950575
1201,DKN,5/9/16,10:11 PM,BLINDSPOT,59,1.625429882,0,3.815359298
1202,DKN,5/9/16,10:12 PM,BLINDSPOT,59,1.62239047,0,4.375742331
1203,DKN,5/9/16,10:13 PM,BLINDSPOT,59,1.621431226,0,3.871146657
1204,DKN,5/9/16,10:14 PM,BLINDSPOT,59,1.600045628,0,3.026014529
1205,DKN,5/9/16,10:15 PM,BLINDSPOT,59,1.606289186,0,2.564166202
1206,DKN,5/9/16,10:16 PM,BLINDSPOT,59,1.592644216,1,6.810551121
1207,DKN,5/9/16,10:17 PM,BLINDSPOT,59,1.505975525,1,3.689190558
1208,DKN,5/9/16,10:18 PM,BLINDSPOT,59,1.500833756,1,2.518269025
1209,DKN,5/9/16,10:19 PM,BLINDSPOT,59,1.50174142,1,2.328872126
1210,DKN,5/9/16,10:20 PM,BLINDSPOT,59,1.523129655,0,2.238585084
1211,DKN,5/9/16,10:21 PM,BLINDSPOT,59,1.529046895,0,2.055336456
1212,DKN,5/9/16,10:22 PM,BLINDSPOT,59,1.530236632,0,1.691595678
1213,DKN,5/9/16,10:23 PM,BLINDSPOT,59,1.538033797,0,1.695591838
1214,DKN,5/9/16,10:24 PM,BLINDSPOT,59,1.544059888,0,2.099216008
1215,DKN,5/9/16,10:25 PM,BLINDSPOT,59,1.539248141,0,2.855707331
1216,DKN,5/9/16,10:26 PM,BLINDSPOT,59,1.529583647,0,1.480734286
1217,DKN,5/9/16,10:27 PM,BLINDSPOT,59,1.543720268,0,1.597754607
1218,DKN,5/9/16,10:28 PM,BLINDSPOT,59,1.539285116,1,9.997939822
1219,DKN,5/9/16,10:29 PM,BLINDSPOT,59,1.411954772,1,4.341277956
1220,DKN,5/9/16,10:30 PM,BLINDSPOT,59,1.382547142,0,2.10884078
1221,DKN,5/9/16,10:31 PM,BLINDSPOT,59,1.413707503,0,1.776270318
1222,DKN,5/9/16,10:32 PM,BLINDSPOT,59,1.458715562,0,2.03390979
1223,DKN,5/9/16,10:33 PM,BLINDSPOT,59,1.495131099,0,1.572155191
1224,DKN,5/9/16,10:34 PM,BLINDSPOT,59,1.511953585,0,2.501355587
1225,DKN,5/9/16,10:35 PM,BLINDSPOT,59,1.488511062,0,2.670530125
1226,DKN,5/9/16,10:36 PM,BLINDSPOT,59,1.476065797,0,2.804962034
1227,DKN,5/9/16,10:37 PM,BLINDSPOT,59,1.453967083,0,0.953917821
1228,DKN,5/9/16,10:38 PM,BLINDSPOT,59,1.468902527,0,1.831890202
1229,DKN,5/9/16,10:39 PM,BLINDSPOT,59,1.456459792,0,1.363397766
1230,DKN,5/9/16,10:40 PM,BLINDSPOT,59,1.452183257,1,6.373941964
1231,DKN,5/9/16,10:41 PM,BLINDSPOT,59,1.391321529,1,4.100967352
1232,DKN,5/9/16,10:42 PM,BLINDSPOT,59,1.380866414,1,2.626220883
1233,DKN,5/9/16,10:43 PM,BLINDSPOT,59,1.380474128,1,1.197041611
1234,DKN,5/9/16,10:44 PM,BLINDSPOT,59,1.435285844,0,2.702053955
1235,DKN,5/9/16,10:45 PM,BLINDSPOT,59,1.45765521,0,1.020869943
1236,DKN,5/9/16,10:46 PM,BLINDSPOT,59,1.486226542,0,2.602707061
1237,DKN,5/9/16,10:47 PM,BLINDSPOT,59,1.469112543,0,0.982327708
1238,DKN,5/9/16,10:48 PM,BLINDSPOT,59,1.491544403,0,4.311100905
1239,DKN,5/9/16,10:49 PM,BLINDSPOT,59,1.460993692,1,7.550287536
1240,DKN,5/9/16,10:50 PM,BLINDSPOT,59,1.372949064,1,2.915849819
1241,DKN,5/9/16,10:51 PM,BLINDSPOT,59,1.387865964,1,2.486994672
1242,DKN,5/9/16,10:52 PM,BLINDSPOT,59,1.404094048,0,1.368554293
1243,DKN,5/9/16,10:53 PM,BLINDSPOT,59,1.413301299,0,1.321477434
1244,DKN,5/9/16,10:54 PM,BLINDSPOT,59,1.435721753,0,1.255508887
1245,DKN,5/9/16,10:55 PM,BLINDSPOT,59,1.448095632,0,1.063767417
1246,DKN,5/9/16,10:56 PM,BLINDSPOT,59,1.484438516,0,1.760350093
1247,DKN,5/9/16,10:57 PM,BLINDSPOT,59,1.51135863,0,1.585071688
1248,DKN,5/9/16,10:58 PM,BLINDSPOT,59,1.562512481,1,2.244905512
1249,DKN,5/9/16,10:59 PM,BLINDSPOT,59,1.643434651,1,0
1250,DKN,5/16/16,10:01 PM,BLINDSPOT,59,2.791087031,0,29.63401953
1251,DKN,5/16/16,10:02 PM,BLINDSPOT,59,2.114289831,0,11.82433698
1252,DKN,5/16/16,10:03 PM,BLINDSPOT,59,1.953045977,0,7.701102072
1253,DKN,5/16/16,10:04 PM,BLINDSPOT,59,1.87724829,0,7.576401972
1254,DKN,5/16/16,10:05 PM,BLINDSPOT,59,1.761219067,0,3.9027099
1255,DKN,5/16/16,10:06 PM,BLINDSPOT,59,1.727616992,0,5.050112547
1256,DKN,5/16/16,10:07 PM,BLINDSPOT,59,1.698852348,0,5.121611666
1257,DKN,5/16/16,10:08 PM,BLINDSPOT,59,1.678049115,0,3.930944556
1258,DKN,5/16/16,10:09 PM,BLINDSPOT,59,1.646523765,0,4.483483137
1259,DKN,5/16/16,10:10 PM,BLINDSPOT,59,1.618210924,1,7.862527707
1260,DKN,5/16/16,10:11 PM,BLINDSPOT,59,1.518173522,1,2.711646035
1261,DKN,5/16/16,10:12 PM,BLINDSPOT,59,1.518440423,1,2.976438879
1262,DKN,5/16/16,10:13 PM,BLINDSPOT,59,1.508727914,1,3.422921816
1263,DKN,5/16/16,10:14 PM,BLINDSPOT,59,1.51343132,0,3.282587268
1264,DKN,5/16/16,10:15 PM,BLINDSPOT,59,1.515448556,0,4.103288889
1265,DKN,5/16/16,10:16 PM,BLINDSPOT,59,1.49122849,0,1.556023599
1266,DKN,5/16/16,10:17 PM,BLINDSPOT,59,1.511143344,0,3.381384717
1267,DKN,5/16/16,10:18 PM,BLINDSPOT,59,1.487108484,0,2.131930679
1268,DKN,5/16/16,10:19 PM,BLINDSPOT,59,1.482141757,1,5.853497977
1269,DKN,5/16/16,10:20 PM,BLINDSPOT,59,1.42986163,1,3.14768995
1270,DKN,5/16/16,10:21 PM,BLINDSPOT,59,1.426347918,1,3.361637176
1271,DKN,5/16/16,10:22 PM,BLINDSPOT,59,1.424079585,1,2.328019116
1272,DKN,5/16/16,10:23 PM,BLINDSPOT,59,1.442366982,0,2.571505624
1273,DKN,5/16/16,10:24 PM,BLINDSPOT,59,1.453921449,0,2.504882828
1274,DKN,5/16/16,10:25 PM,BLINDSPOT,59,1.4639173,0,3.263640738
1275,DKN,5/16/16,10:26 PM,BLINDSPOT,59,1.452067188,0,1.612438674
1276,DKN,5/16/16,10:27 PM,BLINDSPOT,59,1.46348041,0,2.094716454
1277,DKN,5/16/16,10:28 PM,BLINDSPOT,59,1.459511312,0,1.96920158
1278,DKN,5/16/16,10:29 PM,BLINDSPOT,59,1.454953688,0,2.207120961
1279,DKN,5/16/16,10:30 PM,BLINDSPOT,59,1.458323332,0,3.549243545
1280,DKN,5/16/16,10:31 PM,BLINDSPOT,59,1.423965553,1,3.716656071
1281,DKN,5/16/16,10:32 PM,BLINDSPOT,59,1.402716438,1,2.349560846
1282,DKN,5/16/16,10:33 PM,BLINDSPOT,59,1.39525825,0,2.123245989
1283,DKN,5/16/16,10:34 PM,BLINDSPOT,59,1.405568134,0,1.478465742
1284,DKN,5/16/16,10:35 PM,BLINDSPOT,59,1.446165885,0,2.105500154
1285,DKN,5/16/16,10:36 PM,BLINDSPOT,59,1.450112345,0,1.642594029
1286,DKN,5/16/16,10:37 PM,BLINDSPOT,59,1.454252196,0,2.361010223
1287,DKN,5/16/16,10:38 PM,BLINDSPOT,59,1.439788931,0,1.5471609
1288,DKN,5/16/16,10:39 PM,BLINDSPOT,59,1.43578051,0,1.496785041
1289,DKN,5/16/16,10:40 PM,BLINDSPOT,59,1.459776572,0,2.541894227
1290,DKN,5/16/16,10:41 PM,BLINDSPOT,59,1.442070044,1,5.653892856
1291,DKN,5/16/16,10:42 PM,BLINDSPOT,59,1.385084329,1,3.507900201
1292,DKN,5/16/16,10:43 PM,BLINDSPOT,59,1.373755073,1,2.46080726
1293,DKN,5/16/16,10:44 PM,BLINDSPOT,59,1.379645347,1,2.354128597
1294,DKN,5/16/16,10:45 PM,BLINDSPOT,59,1.389266037,0,1.66114623
1295,DKN,5/16/16,10:46 PM,BLINDSPOT,59,1.403712473,0,0.512955153
1296,DKN,5/16/16,10:47 PM,BLINDSPOT,59,1.42462727,0,1.536633476
1297,DKN,5/16/16,10:48 PM,BLINDSPOT,59,1.433318563,0,2.444173368
1298,DKN,5/16/16,10:49 PM,BLINDSPOT,59,1.438057961,0,2.720855368
1299,DKN,5/16/16,10:50 PM,BLINDSPOT,59,1.426559896,0,2.341167445
1300,DKN,5/16/16,10:51 PM,BLINDSPOT,59,1.411417276,0,3.692256199
1301,DKN,5/16/16,10:52 PM,BLINDSPOT,59,1.392593256,1,3.326098355
1302,DKN,5/16/16,10:53 PM,BLINDSPOT,59,1.371825424,1,2.555562906
1303,DKN,5/16/16,10:54 PM,BLINDSPOT,59,1.386595451,1,2.031390663
1304,DKN,5/16/16,10:55 PM,BLINDSPOT,59,1.405907014,0,1.274569951
1305,DKN,5/16/16,10:56 PM,BLINDSPOT,59,1.45016201,0,2.130524826
1306,DKN,5/16/16,10:57 PM,BLINDSPOT,59,1.473208059,0,1.052970362
1307,DKN,5/16/16,10:58 PM,BLINDSPOT,59,1.525110212,0,1.379600328
1308,DKN,5/16/16,10:59 PM,BLINDSPOT,59,1.586902571,0,0
1309,DKN,5/23/16,10:01 PM,BLINDSPOT,59,2.669922495,0,25.46340379
1310,DKN,5/23/16,10:02 PM,BLINDSPOT,59,2.007439752,0,10.06298743
1311,DKN,5/23/16,10:03 PM,BLINDSPOT,59,1.839261196,0,5.531410678
1312,DKN,5/23/16,10:04 PM,BLINDSPOT,59,1.76943153,0,5.549943604
1313,DKN,5/23/16,10:05 PM,BLINDSPOT,59,1.699328158,0,4.308519699
1314,DKN,5/23/16,10:06 PM,BLINDSPOT,59,1.640719401,0,2.794558966
1315,DKN,5/23/16,10:07 PM,BLINDSPOT,59,1.644284984,1,5.914055484
1316,DKN,5/23/16,10:08 PM,BLINDSPOT,59,1.573623194,1,4.277140254
1317,DKN,5/23/16,10:09 PM,BLINDSPOT,59,1.534892609,1,1.307745035
1318,DKN,5/23/16,10:10 PM,BLINDSPOT,59,1.560356864,1,3.278620919
1319,DKN,5/23/16,10:11 PM,BLINDSPOT,59,1.546171732,0,2.387057252
1320,DKN,5/23/16,10:12 PM,BLINDSPOT,59,1.546800373,0,2.153051704
1321,DKN,5/23/16,10:13 PM,BLINDSPOT,59,1.543779913,0,1.639452937
1322,DKN,5/23/16,10:14 PM,BLINDSPOT,59,1.547582125,0,2.843023161
1323,DKN,5/23/16,10:15 PM,BLINDSPOT,59,1.528877045,0,1.969919903
1324,DKN,5/23/16,10:16 PM,BLINDSPOT,59,1.52527184,0,2.907344966
1325,DKN,5/23/16,10:17 PM,BLINDSPOT,59,1.508788539,1,5.41010875
1326,DKN,5/23/16,10:18 PM,BLINDSPOT,59,1.441256886,1,2.102175481
1327,DKN,5/23/16,10:19 PM,BLINDSPOT,59,1.461234375,1,3.483913138
1328,DKN,5/23/16,10:20 PM,BLINDSPOT,59,1.447162077,1,3.175591213
1329,DKN,5/23/16,10:21 PM,BLINDSPOT,59,1.472959472,0,1.424128125
1330,DKN,5/23/16,10:22 PM,BLINDSPOT,59,1.478540613,0,2.794258458
1331,DKN,5/23/16,10:23 PM,BLINDSPOT,59,1.489323554,0,2.030212102
1332,DKN,5/23/16,10:24 PM,BLINDSPOT,59,1.484510285,0,1.591512818
1333,DKN,5/23/16,10:25 PM,BLINDSPOT,59,1.491889734,0,2.443820342
1334,DKN,5/23/16,10:26 PM,BLINDSPOT,59,1.462217271,0,2.606073672
1335,DKN,5/23/16,10:27 PM,BLINDSPOT,59,1.438938916,1,4.983611276
1336,DKN,5/23/16,10:28 PM,BLINDSPOT,59,1.381287222,1,3.423456468
1337,DKN,5/23/16,10:29 PM,BLINDSPOT,59,1.36892997,0,2.031517149
1338,DKN,5/23/16,10:30 PM,BLINDSPOT,59,1.379052475,0,3.293121871
1339,DKN,5/23/16,10:31 PM,BLINDSPOT,59,1.397776635,0,1.638283037
1340,DKN,5/23/16,10:32 PM,BLINDSPOT,59,1.403905762,0,2.248813251
1341,DKN,5/23/16,10:33 PM,BLINDSPOT,59,1.429430366,0,1.867085775
1342,DKN,5/23/16,10:34 PM,BLINDSPOT,59,1.442976878,0,2.653138395
1343,DKN,5/23/16,10:35 PM,BLINDSPOT,59,1.457879425,0,1.366863013
1344,DKN,5/23/16,10:36 PM,BLINDSPOT,59,1.468011572,0,1.2945276
1345,DKN,5/23/16,10:37 PM,BLINDSPOT,59,1.463637265,0,2.676336049
1346,DKN,5/23/16,10:38 PM,BLINDSPOT,59,1.453943073,0,1.623723343
1347,DKN,5/23/16,10:39 PM,BLINDSPOT,59,1.445805701,1,7.513940991
1348,DKN,5/23/16,10:40 PM,BLINDSPOT,59,1.341622146,1,3.23806891
1349,DKN,5/23/16,10:41 PM,BLINDSPOT,59,1.319082504,1,1.726812727
1350,DKN,5/23/16,10:42 PM,BLINDSPOT,59,1.336252551,1,2.286503022
1351,DKN,5/23/16,10:43 PM,BLINDSPOT,59,1.362869276,0,1.855811134
1352,DKN,5/23/16,10:44 PM,BLINDSPOT,59,1.389345286,0,2.180614192
1353,DKN,5/23/16,10:45 PM,BLINDSPOT,59,1.386414488,0,1.19295725
1354,DKN,5/23/16,10:46 PM,BLINDSPOT,59,1.389676952,0,1.414688598
1355,DKN,5/23/16,10:47 PM,BLINDSPOT,59,1.387362939,0,0.762047203
1356,DKN,5/23/16,10:48 PM,BLINDSPOT,59,1.399898261,0,1.812783037
1357,DKN,5/23/16,10:49 PM,BLINDSPOT,59,1.406114253,1,5.598510774
1358,DKN,5/23/16,10:50 PM,BLINDSPOT,59,1.344334511,1,3.886133253
1359,DKN,5/23/16,10:51 PM,BLINDSPOT,59,1.322491907,1,1.343670705
1360,DKN,5/23/16,10:52 PM,BLINDSPOT,59,1.376465956,1,1.540615131
1361,DKN,5/23/16,10:53 PM,BLINDSPOT,59,1.440755874,0,2.741918995
1362,DKN,5/23/16,10:54 PM,BLINDSPOT,59,1.449237827,0,2.177073774
1363,DKN,5/23/16,10:55 PM,BLINDSPOT,59,1.446222118,0,1.769702459
1364,DKN,5/23/16,10:56 PM,BLINDSPOT,59,1.461674917,0,1.098316583
1365,DKN,5/23/16,10:57 PM,BLINDSPOT,59,1.483707786,0,1.165549761
1366,DKN,5/23/16,10:58 PM,BLINDSPOT,59,1.521850035,1,2.52044562
1367,DKN,5/23/16,10:59 PM,BLINDSPOT,59,1.599027629,1,0
,,,,,,,,
,,,,,,,,
,,,,,,,,
,,,,,,,,
,,,,,,,,
,,,,,,,,
,,,,,,,,
,,,,,,,,
,,,,,,,,
,,,,,,,,
,,,,,,,,
,,,,,,,,
,,,,,,,,
,,,,,,,,
,,,,,,,,
,,,,,,,,
,,,,,,,,
,,,,,,,,
,,,,,,,,
,,,,,,,,
,,,,,,,,
,,,,,,,,
,,,,,,,,
,,,,,,,,
,,,,,,,,
,,,,,,,,
,,,,,,,,
,,,,,,,,
,,,,,,,,
,,,,,,,,
,,,,,,,,
,,,,,,,,
,,,,,,,,
,,,,,,,,
,,,,,,,,
,,,,,,,,
,,,,,,,,
,,,,,,,,
,,,,,,,,
,,,,,,,,
,,,,,,,,
,,,,,,,,
,,,,,,,,
,,,,,,,,
,,,,,,,,
,,,,,,,,
,,,,,,,,
,,,,,,,,
,,,,,,,,
,,,,,,,,
,,,,,,,,
,,,,,,,,
,,,,,,,,
,,,,,,,,
,,,,,,,,
,,,,,,,,
,,,,,,,,
,,,,,,,,
,,,,,,,,
,,,,,,,,
,,,,,,,,
,,,,,,,,
,,,,,,,,
,,,,,,,,
,,,,,,,,
,,,,,,,,
,,,,,,,,
,,,,,,,,
,,,,,,,,
,,,,,,,,
,,,,,,,,
,,,,,,,,
,,,,,,,,
,,,,,,,,
,,,,,,,,
,,,,,,,,
,,,,,,,,
,,,,,,,,
,,,,,,,,
,,,,,,,,
,,,,,,,,
,,,,,,,,
,,,,,,,,
,,,,,,,,
,,,,,,,,
,,,,,,,,
,,,,,,,,
,,,,,,,,
,,,,,,,,
,,,,,,,,
,,,,,,,,
,,,,,,,,
,,,,,,,,
,,,,,,,,
,,,,,,,,
,,,,,,,,
,,,,,,,,
,,,,,,,,
,,,,,,,,
,,,,,,,,
,,,,,,,,
,,,,,,,,
,,,,,,,,
,,,,,,,,
,,,,,,,,
,,,,,,,,
,,,,,,,,
,,,,,,,,
,,,,,,,,
,,,,,,,,
,,,,,,,,
,,,,,,,,
,,,,,,,,
,,,,,,,,
,,,,,,,,
,,,,,,,,
,,,,,,,,
,,,,,,,,
,,,,,,,,
,,,,,,,,
,,,,,,,,
,,,,,,,,
,,,,,,,,
,,,,,,,,
,,,,,,,,
,,,,,,,,
,,,,,,,,
,,,,,,,,
,,,,,,,,
,,,,,,,,
,,,,,,,,
,,,,,,,,
,,,,,,,,
,,,,,,,,
,,,,,,,,
,,,,,,,,
,,,,,,,,
,,,,,,,,
,,,,,,,,
,,,,,,,,
,,,,,,,,
,,,,,,,,
,,,,,,,,
,,,,,,,,
,,,,,,,,
,,,,,,,,
,,,,,,,,
,,,,,,,,
,,,,,,,,
,,,,,,,,
,,,,,,,,
,,,,,,,,
,,,,,,,,
,,,,,,,,
,,,,,,,,
,,,,,,,,
,,,,,,,,
,,,,,,,,
,,,,,,,,
,,,,,,,,
,,,,,,,,
,,,,,,,,
,,,,,,,,
,,,,,,,,
,,,,,,,,
,,,,,,,,
,,,,,,,,
,,,,,,,,
,,,,,,,,
,,,,,,,,
,,,,,,,,
,,,,,,,,
,,,,,,,,
,,,,,,,,
,,,,,,,,
,,,,,,,,
,,,,,,,,
,,,,,,,,
,,,,,,,,
,,,,,,,,
,,,,,,,,
,,,,,,,,
,,,,,,,,
,,,,,,,,
,,,,,,,,
,,,,,,,,
,,,,,,,,
,,,,,,,,
,,,,,,,,
,,,,,,,,
,,,,,,,,
,,,,,,,,
,,,,,,,,
,,,,,,,,
,,,,,,,,
,,,,,,,,
,,,,,,,,
,,,,,,,,
,,,,,,,,
,,,,,,,,
,,,,,,,,
,,,,,,,,
,,,,,,,,
,,,,,,,,
,,,,,,,,
,,,,,,,,
,,,,,,,,
,,,,,,,,
,,,,,,,,
,,,,,,,,
,,,,,,,,
,,,,,,,,
,,,,,,,,
,,,,,,,,
,,,,,,,,
,,,,,,,,
,,,,,,,,
,,,,,,,,
,,,,,,,,
,,,,,,,,
,,,,,,,,
,,,,,,,,
,,,,,,,,
,,,,,,,,
,,,,,,,,
,,,,,,,,
,,,,,,,,
,,,,,,,,
,,,,,,,,
,,,,,,,,
,,,,,,,,
,,,,,,,,
,,,,,,,,
,,,,,,,,
,,,,,,,,
,,,,,,,,
,,,,,,,,
,,,,,,,,
,,,,,,,,
,,,,,,,,
,,,,,,,,
,,,,,,,,
,,,,,,,,
,,,,,,,,
,,,,,,,,
,,,,,,,,
,,,,,,,,
,,,,,,,,
,,,,,,,,
,,,,,,,,
,,,,,,,,
,,,,,,,,
,,,,,,,,
,,,,,,,,
,,,,,,,,
,,,,,,,,
,,,,,,,,
,,,,,,,,
,,,,,,,,
,,,,,,,,
,,,,,,,,
,,,,,,,,
,,,,,,,,
,,,,,,,,
,,,,,,,,
,,,,,,,,
,,,,,,,,
,,,,,,,,
,,,,,,,,
,,,,,,,,
,,,,,,,,
,,,,,,,,
,,,,,,,,
,,,,,,,,
,,,,,,,,
,,,,,,,,
,,,,,,,,
,,,,,,,,
,,,,,,,,
,,,,,,,,
,,,,,,,,
,,,,,,,,
,,,,,,,,
,,,,,,,,
,,,,,,,,
,,,,,,,,
,,,,,,,,
,,,,,,,,
,,,,,,,,
,,,,,,,,
,,,,,,,,
,,,,,,,,
,,,,,,,,
,,,,,,,,
,,,,,,,,
,,,,,,,,
,,,,,,,,
,,,,,,,,
,,,,,,,,
,,,,,,,,
,,,,,,,,
,,,,,,,,
,,,,,,,,
,,,,,,,,
,,,,,,,,
,,,,,,,,
,,,,,,,,
,,,,,,,,
,,,,,,,,
,,,,,,,,
,,,,,,,,
,,,,,,,,
,,,,,,,,
,,,,,,,,
,,,,,,,,
,,,,,,,,
,,,,,,,,
,,,,,,,,
,,,,,,,,
,,,,,,,,
,,,,,,,,
,,,,,,,,
,,,,,,,,
,,,,,,,,
,,,,,,,,
,,,,,,,,
,,,,,,,,
,,,,,,,,
,,,,,,,,
,,,,,,,,
,,,,,,,,
,,,,,,,,
,,,,,,,,
,,,,,,,,
,,,,,,,,
,,,,,,,,
,,,,,,,,
,,,,,,,,
,,,,,,,,
,,,,,,,,
,,,,,,,,
,,,,,,,,
,,,,,,,,
,,,,,,,,
,,,,,,,,
,,,,,,,,
,,,,,,,,
,,,,,,,,
,,,,,,,,
,,,,,,,,
,,,,,,,,
,,,,,,,,
,,,,,,,,
,,,,,,,,
,,,,,,,,
,,,,,,,,
,,,,,,,,
,,,,,,,,
,,,,,,,,
,,,,,,,,
,,,,,,,,
,,,,,,,,
,,,,,,,,
,,,,,,,,
,,,,,,,,
,,,,,,,,
,,,,,,,,
,,,,,,,,
,,,,,,,,
,,,,,,,,
,,,,,,,,
,,,,,,,,
,,,,,,,,
,,,,,,,,
,,,,,,,,
,,,,,,,,
,,,,,,,,
,,,,,,,,
,,,,,,,,
,,,,,,,,
,,,,,,,,
,,,,,,,,
,,,,,,,,
,,,,,,,,
,,,,,,,,
,,,,,,,,
,,,,,,,,
,,,,,,,,
,,,,,,,,
,,,,,,,,
,,,,,,,,
,,,,,,,,
,,,,,,,,
,,,,,,,,
,,,,,,,,
,,,,,,,,
,,,,,,,,
,,,,,,,,
,,,,,,,,
,,,,,,,,
,,,,,,,,
,,,,,,,,
,,,,,,,,
,,,,,,,,
,,,,,,,,
,,,,,,,,
,,,,,,,,
,,,,,,,,
,,,,,,,,
,,,,,,,,
,,,,,,,,
,,,,,,,,
,,,,,,,,
,,,,,,,,
,,,,,,,,
,,,,,,,,
,,,,,,,,
,,,,,,,,
,,,,,,,,
,,,,,,,,
,,,,,,,,
,,,,,,,,
,,,,,,,,
,,,,,,,,
,,,,,,,,
,,,,,,,,
,,,,,,,,
,,,,,,,,
,,,,,,,,
,,,,,,,,
,,,,,,,,
,,,,,,,,
,,,,,,,,
,,,,,,,,
,,,,,,,,
,,,,,,,,
,,,,,,,,
,,,,,,,,
,,,,,,,,
,,,,,,,,
,,,,,,,,
,,,,,,,,
,,,,,,,,
,,,,,,,,
,,,,,,,,
,,,,,,,,
,,,,,,,,
,,,,,,,,
,,,,,,,,
,,,,,,,,
,,,,,,,,
,,,,,,,,
,,,,,,,,
,,,,,,,,
,,,,,,,,
,,,,,,,,
,,,,,,,,
,,,,,,,,
,,,,,,,,
,,,,,,,,
,,,,,,,,
,,,,,,,,
,,,,,,,,
,,,,,,,,
,,,,,,,,
,,,,,,,,
,,,,,,,,
,,,,,,,,
,,,,,,,,
,,,,,,,,
,,,,,,,,
,,,,,,,,
,,,,,,,,
,,,,,,,,
,,,,,,,,
,,,,,,,,
,,,,,,,,
,,,,,,,,
,,,,,,,,
,,,,,,,,
,,,,,,,,
,,,,,,,,
,,,,,,,,
,,,,,,,,
,,,,,,,,
,,,,,,,,
,,,,,,,,
,,,,,,,,
,,,,,,,,
,,,,,,,,
,,,,,,,,
,,,,,,,,
,,,,,,,,
,,,,,,,,
,,,,,,,,
,,,,,,,,
,,,,,,,,
,,,,,,,,
,,,,,,,,
,,,,,,,,
,,,,,,,,
,,,,,,,,
,,,,,,,,
,,,,,,,,
,,,,,,,,
,,,,,,,,
,,,,,,,,
,,,,,,,,
,,,,,,,,
,,,,,,,,
,,,,,,,,
,,,,,,,,
,,,,,,,,
,,,,,,,,
,,,,,,,,
,,,,,,,,
,,,,,,,,
,,,,,,,,
,,,,,,,,
,,,,,,,,
,,,,,,,,
,,,,,,,,
,,,,,,,,
,,,,,,,,
,,,,,,,,
,,,,,,,,
,,,,,,,,
,,,,,,,,
,,,,,,,,
,,,,,,,,
,,,,,,,,
,,,,,,,,
,,,,,,,,
,,,,,,,,
,,,,,,,,
,,,,,,,,
,,,,,,,,
,,,,,,,,
,,,,,,,,
,,,,,,,,
,,,,,,,,
,,,,,,,,
,,,,,,,,
,,,,,,,,
,,,,,,,,
,,,,,,,,
,,,,,,,,
,,,,,,,,
,,,,,,,,
,,,,,,,,
,,,,,,,,
,,,,,,,,
,,,,,,,,
,,,,,,,,
,,,,,,,,
,,,,,,,,
,,,,,,,,
,,,,,,,,
,,,,,,,,
,,,,,,,,
,,,,,,,,
,,,,,,,,
,,,,,,,,
,,,,,,,,
,,,,,,,,
,,,,,,,,
,,,,,,,,
,,,,,,,,
,,,,,,,,
,,,,,,,,
,,,,,,,,
,,,,,,,,
,,,,,,,,
,,,,,,,,
,,,,,,,,
,,,,,,,,
,,,,,,,,
,,,,,,,,
,,,,,,,,
,,,,,,,,
,,,,,,,,
,,,,,,,,
,,,,,,,,
,,,,,,,,
,,,,,,,,
,,,,,,,,
,,,,,,,,
,,,,,,,,
,,,,,,,,
,,,,,,,,
,,,,,,,,
,,,,,,,,
,,,,,,,,
,,,,,,,,
,,,,,,,,
,,,,,,,,
,,,,,,,,
,,,,,,,,
,,,,,,,,
,,,,,,,,
,,,,,,,,
,,,,,,,,
,,,,,,,,
,,,,,,,,
,,,,,,,,
,,,,,,,,
,,,,,,,,
,,,,,,,,
,,,,,,,,
,,,,,,,,
,,,,,,,,
,,,,,,,,
,,,,,,,,
,,,,,,,,
,,,,,,,,
,,,,,,,,
,,,,,,,,
,,,,,,,,
,,,,,,,,
,,,,,,,,
,,,,,,,,
,,,,,,,,
,,,,,,,,
,,,,,,,,
,,,,,,,,
,,,,,,,,
,,,,,,,,
,,,,,,,,
,,,,,,,,
,,,,,,,,
,,,,,,,,
,,,,,,,,
,,,,,,,,
,,,,,,,,
,,,,,,,,
,,,,,,,,
,,,,,,,,
,,,,,,,,
,,,,,,,,
,,,,,,,,
,,,,,,,,
,,,,,,,,
,,,,,,,,
,,,,,,,,
,,,,,,,,
,,,,,,,,
,,,,,,,,
,,,,,,,,
,,,,,,,,
,,,,,,,,
,,,,,,,,
,,,,,,,,
,,,,,,,,
,,,,,,,,
,,,,,,,,
,,,,,,,,
,,,,,,,,
,,,,,,,,
,,,,,,,,
,,,,,,,,
,,,,,,,,
,,,,,,,,
,,,,,,,,
,,,,,,,,
,,,,,,,,
,,,,,,,,
,,,,,,,,
,,,,,,,,
,,,,,,,,
,,,,,,,,
,,,,,,,,
,,,,,,,,
,,,,,,,,
,,,,,,,,
,,,,,,,,
,,,,,,,,
,,,,,,,,
,,,,,,,,
,,,,,,,,
,,,,,,,,
,,,,,,,,
,,,,,,,,
,,,,,,,,
,,,,,,,,
,,,,,,,,
,,,,,,,,
,,,,,,,,
,,,,,,,,
,,,,,,,,
,,,,,,,,
,,,,,,,,
,,,,,,,,
,,,,,,,,
,,,,,,,,
,,,,,,,,
,,,,,,,,
,,,,,,,,
,,,,,,,,
,,,,,,,,
,,,,,,,,
,,,,,,,,
,,,,,,,,
,,,,,,,,
,,,,,,,,
,,,,,,,,
,,,,,,,,
,,,,,,,,
,,,,,,,,
,,,,,,,,
,,,,,,,,
,,,,,,,,
,,,,,,,,
,,,,,,,,
,,,,,,,,
,,,,,,,,
,,,,,,,,
,,,,,,,,
,,,,,,,,
,,,,,,,,
,,,,,,,,